"","Indiv","Sire","Dam","Sex","Breed","Born","I","Offspring"
"SL18-OI-4","SL18-OI-4",NA,NA,"male",NA,NA,NA,TRUE
"SL18-OI-5","SL18-OI-5",NA,NA,"male",NA,NA,NA,TRUE
"SL18-OI-6","SL18-OI-6",NA,NA,"male",NA,NA,NA,TRUE
"SL18-OI-11","SL18-OI-11",NA,NA,"male",NA,NA,NA,TRUE
"SL18-OI-15","SL18-OI-15",NA,NA,"male",NA,NA,NA,TRUE
"SL18-OI-16","SL18-OI-16",NA,NA,"male",NA,NA,NA,TRUE
"SL18-OI-17","SL18-OI-17",NA,NA,"male",NA,NA,NA,TRUE
"SL18-OI-18","SL18-OI-18",NA,NA,"male",NA,NA,NA,TRUE
"SL18-LD-1","SL18-LD-1",NA,NA,"male",NA,NA,NA,TRUE
"SL18-LD-3","SL18-LD-3",NA,NA,"male",NA,NA,NA,TRUE
"SL18-LD-4","SL18-LD-4",NA,NA,"male",NA,NA,NA,TRUE
"SL18-LD-5","SL18-LD-5",NA,NA,"male",NA,NA,NA,TRUE
"SL18-LD-9","SL18-LD-9",NA,NA,"male",NA,NA,NA,TRUE
"SL18-LD-10","SL18-LD-10",NA,NA,"male",NA,NA,NA,TRUE
"SL18-LD-13","SL18-LD-13",NA,NA,"male",NA,NA,NA,TRUE
"SL18-FW-2","SL18-FW-2",NA,NA,"male",NA,NA,NA,TRUE
"SL18-FI-1","SL18-FI-1",NA,NA,"male",NA,NA,NA,TRUE
"SL18-FI-2","SL18-FI-2",NA,NA,"male",NA,NA,NA,TRUE
"SL18-CC-1","SL18-CC-1",NA,NA,"male",NA,NA,NA,TRUE
"SL18-CC-2","SL18-CC-2",NA,NA,"male",NA,NA,NA,TRUE
"SL18-CC-3","SL18-CC-3",NA,NA,"male",NA,NA,NA,TRUE
"SL18-CC-4","SL18-CC-4",NA,NA,"male",NA,NA,NA,TRUE
"SL18-CC-5","SL18-CC-5",NA,NA,"male",NA,NA,NA,TRUE
"SL18-CC-6","SL18-CC-6",NA,NA,"male",NA,NA,NA,TRUE
"SL18-CC-7","SL18-CC-7",NA,NA,"male",NA,NA,NA,TRUE
"SL18-CC-8","SL18-CC-8",NA,NA,"male",NA,NA,NA,TRUE
"SL18-CC-9","SL18-CC-9",NA,NA,"male",NA,NA,NA,TRUE
"SL18-CC-12","SL18-CC-12",NA,NA,"male",NA,NA,NA,TRUE
"SL18-FW-14","SL18-FW-14",NA,NA,"male",NA,NA,NA,TRUE
"SL18-NC-2","SL18-NC-2",NA,NA,"male",NA,NA,NA,TRUE
"SL18-NC-1","SL18-NC-1",NA,NA,"male",NA,NA,NA,TRUE
"SL18-NC-5","SL18-NC-5",NA,NA,"male",NA,NA,NA,TRUE
"SL18-JS-6","SL18-JS-6",NA,NA,"male",NA,NA,NA,TRUE
"SL18-JS-5","SL18-JS-5",NA,NA,"male",NA,NA,NA,TRUE
"SL18-JS-9","SL18-JS-9",NA,NA,"male",NA,NA,NA,TRUE
"SL18-NC-8","SL18-NC-8",NA,NA,"male",NA,NA,NA,TRUE
"SL18-NC-10","SL18-NC-10",NA,NA,"male",NA,NA,NA,TRUE
"SL18-NC-9","SL18-NC-9",NA,NA,"male",NA,NA,NA,TRUE
"SL18-NC-12","SL18-NC-12",NA,NA,"male",NA,NA,NA,TRUE
"SL18-NL-2","SL18-NL-2",NA,NA,"male",NA,NA,NA,TRUE
"SL18-NL-3","SL18-NL-3",NA,NA,"male",NA,NA,NA,TRUE
"SL18-NL-5","SL18-NL-5",NA,NA,"male",NA,NA,NA,TRUE
"SL18-NL-7","SL18-NL-7",NA,NA,"male",NA,NA,NA,TRUE
"SL18-NL-6","SL18-NL-6",NA,NA,"male",NA,NA,NA,TRUE
"SL18-NL-9","SL18-NL-9",NA,NA,"male",NA,NA,NA,TRUE
"SL18-NL-10","SL18-NL-10",NA,NA,"male",NA,NA,NA,TRUE
"SL18-JS-19","SL18-JS-19",NA,NA,"male",NA,NA,NA,TRUE
"SL18-JS-16","SL18-JS-16",NA,NA,"male",NA,NA,NA,TRUE
"SL18-JS-11","SL18-JS-11",NA,NA,"male",NA,NA,NA,TRUE
"SL18-BL-10","SL18-BL-10",NA,NA,"male",NA,NA,NA,TRUE
"SL18-BL-11","SL18-BL-11",NA,NA,"male",NA,NA,NA,TRUE
"SL18-BL-12","SL18-BL-12",NA,NA,"male",NA,NA,NA,TRUE
"SL18-BL-13","SL18-BL-13",NA,NA,"male",NA,NA,NA,TRUE
"SL18-BL-14","SL18-BL-14",NA,NA,"male",NA,NA,NA,TRUE
"SL18-BL-15","SL18-BL-15",NA,NA,"male",NA,NA,NA,TRUE
"SL18-BL-16","SL18-BL-16",NA,NA,"male",NA,NA,NA,TRUE
"SL18-CC-10","SL18-CC-10",NA,NA,"male",NA,NA,NA,TRUE
"SL18-CC-11","SL18-CC-11",NA,NA,"male",NA,NA,NA,TRUE
"SL18-SF-13","SL18-SF-13",NA,NA,"male",NA,NA,NA,TRUE
"SL18-OI-2","SL18-OI-2",NA,NA,"male",NA,NA,NA,TRUE
"SL18-OI-14","SL18-OI-14",NA,NA,"male",NA,NA,NA,TRUE
"SL18-PI-1","SL18-PI-1",NA,NA,"male",NA,NA,NA,TRUE
"SA18-CB-1","SA18-CB-1",NA,NA,"male",NA,NA,NA,TRUE
"SA18-CB-3","SA18-CB-3",NA,NA,"male",NA,NA,NA,TRUE
"SA18-CB-4","SA18-CB-4",NA,NA,"male",NA,NA,NA,TRUE
"SA18-CB-7","SA18-CB-7",NA,NA,"male",NA,NA,NA,TRUE
"SA18-CB-10","SA18-CB-10",NA,NA,"male",NA,NA,NA,TRUE
"SL18-NC-11","SL18-NC-11",NA,NA,"male",NA,NA,NA,TRUE
"SL18-TI-1","SL18-TI-1",NA,NA,"male",NA,NA,NA,TRUE
"SL18-TI-2","SL18-TI-2",NA,NA,"male",NA,NA,NA,TRUE
"SL18-TI-3","SL18-TI-3",NA,NA,"male",NA,NA,NA,TRUE
"SL18-TI-4","SL18-TI-4",NA,NA,"male",NA,NA,NA,TRUE
"SL18-BL-17","SL18-BL-17",NA,NA,"male",NA,NA,NA,TRUE
"SL18-OD-3","SL18-OD-3",NA,NA,"male",NA,NA,NA,TRUE
"SL18-OD-5","SL18-OD-5",NA,NA,"male",NA,NA,NA,TRUE
"SL18-OD-6","SL18-OD-6",NA,NA,"male",NA,NA,NA,TRUE
"SL18-OD-10","SL18-OD-10",NA,NA,"male",NA,NA,NA,TRUE
"SA18-CB-2","SA18-CB-2",NA,NA,"male",NA,NA,NA,TRUE
"SL18-NC-15","SL18-NC-15",NA,NA,"male",NA,NA,NA,TRUE
"SL18-BL-18","SL18-BL-18",NA,NA,"male",NA,NA,NA,TRUE
"SL18-FW-21","SL18-FW-21",NA,NA,"male",NA,NA,NA,TRUE
"SL18-SF-17","SL18-SF-17",NA,NA,"male",NA,NA,NA,TRUE
"SL18-LL-9","SL18-LL-9",NA,NA,"male",NA,NA,NA,TRUE
"SL18-LD-2","SL18-LD-2",NA,NA,"male",NA,NA,NA,TRUE
"SL18-FW-12","SL18-FW-12",NA,NA,"male",NA,NA,NA,TRUE
"SL18-SF-19","SL18-SF-19",NA,NA,"male",NA,NA,NA,TRUE
"SA18-CB-5","SA18-CB-5",NA,NA,"male",NA,NA,NA,TRUE
"SL18-SF-15","SL18-SF-15",NA,NA,"male",NA,NA,NA,TRUE
"SL18-SF-18","SL18-SF-18",NA,NA,"male",NA,NA,NA,TRUE
"SA18-CB-9","SA18-CB-9",NA,NA,"male",NA,NA,NA,TRUE
"SL18-OI-7","SL18-OI-7",NA,NA,"male",NA,NA,NA,TRUE
"SL18-OI-9","SL18-OI-9",NA,NA,"male",NA,NA,NA,TRUE
"SL18-TI-5","SL18-TI-5",NA,NA,"male",NA,NA,NA,TRUE
"SL18-CB-2","SL18-CB-2",NA,NA,"male",NA,NA,NA,TRUE
"SL18-CB-3","SL18-CB-3",NA,NA,"male",NA,NA,NA,TRUE
"SL18-CB-4","SL18-CB-4",NA,NA,"male",NA,NA,NA,TRUE
"SL18-CB-7","SL18-CB-7",NA,NA,"male",NA,NA,NA,TRUE
"SL18-TI-6","SL18-TI-6",NA,NA,"male",NA,NA,NA,TRUE
"SL18-OD-1","SL18-OD-1",NA,NA,"male",NA,NA,NA,TRUE
"SL18-OD-4","SL18-OD-4",NA,NA,"male",NA,NA,NA,TRUE
"SL19-LR-5","SL19-LR-5",NA,NA,"male",NA,NA,NA,TRUE
"SL19-LR-2","SL19-LR-2",NA,NA,"male",NA,NA,NA,TRUE
"SL18-DB-6","SL18-DB-6",NA,NA,"male",NA,NA,NA,TRUE
"SL18-CB-10","SL18-CB-10",NA,NA,"male",NA,NA,NA,TRUE
"SA18-CB-10-FG1","SA18-CB-10-FG1","SA18-CB-10",NA,"male",NA,NA,NA,TRUE
"SL18-LD-10-FG1","SL18-LD-10-FG1","SL18-LD-10",NA,"male",NA,NA,NA,TRUE
"SL18-NL-6-FG1","SL18-NL-6-FG1","SL18-NL-6",NA,"male",NA,NA,NA,TRUE
"SL18-LD-10-FG2","SL18-LD-10-FG2","SL18-LD-10",NA,"male",NA,NA,NA,TRUE
"SL18-NL-9-FG2","SL18-NL-9-FG2","SL18-NL-9",NA,"male",NA,NA,NA,TRUE
"SL18-OI-15-FG1","SL18-OI-15-FG1","SL18-OI-15",NA,"male",NA,NA,NA,TRUE
"SL18-OI-16-FG3","SL18-OI-16-FG3","SL18-OI-16",NA,"male",NA,NA,NA,TRUE
"SL18-LD-13-FG2","SL18-LD-13-FG2","SL18-LD-13",NA,"male",NA,NA,NA,TRUE
"SL18-OI-17-FG1","SL18-OI-17-FG1","SL18-OI-17",NA,"male",NA,NA,NA,TRUE
"SL18-OI-18-FG1","SL18-OI-18-FG1","SL18-OI-18",NA,"male",NA,NA,NA,TRUE
"SL18-OI-18-FG2","SL18-OI-18-FG2","SL18-OI-18",NA,"male",NA,NA,NA,TRUE
"SL18-OI-2-FG2","SL18-OI-2-FG2","SL18-OI-2",NA,"male",NA,NA,NA,TRUE
"SL18-LD-1-FG1","SL18-LD-1-FG1","SL18-LD-1",NA,"male",NA,NA,NA,TRUE
"SL18-OI-2-FG3","SL18-OI-2-FG3","SL18-OI-2",NA,"male",NA,NA,NA,TRUE
"SL18-OI-6-FG1","SL18-OI-6-FG1","SL18-OI-6",NA,"male",NA,NA,NA,TRUE
"SL18-OI-9-FG1","SL18-OI-9-FG1","SL18-OI-9",NA,"male",NA,NA,NA,TRUE
"SL18-SF-13-FG1","SL18-SF-13-FG1","SL18-SF-13",NA,"male",NA,NA,NA,TRUE
"SL18-LD-1-FG2","SL18-LD-1-FG2","SL18-LD-1",NA,"male",NA,NA,NA,TRUE
"SA18-CB-4-FG3","SA18-CB-4-FG3","SA18-CB-4",NA,"male",NA,NA,NA,TRUE
"SL18-LD-2-FG2","SL18-LD-2-FG2","SL18-LD-2",NA,"male",NA,NA,NA,TRUE
"SL18-LD-3-FG1","SL18-LD-3-FG1","SL18-LD-3",NA,"male",NA,NA,NA,TRUE
"SL18-LD-3-FG2","SL18-LD-3-FG2","SL18-LD-3",NA,"male",NA,NA,NA,TRUE
"SL18-LD-4-FG3","SL18-LD-4-FG3","SL18-LD-4",NA,"male",NA,NA,NA,TRUE
"SA18-CB-7-FG1","SA18-CB-7-FG1","SA18-CB-7",NA,"male",NA,NA,NA,TRUE
"SL18-LD-9-FG2","SL18-LD-9-FG2","SL18-LD-9",NA,"male",NA,NA,NA,TRUE
"SL18-LD-9-FG3","SL18-LD-9-FG3","SL18-LD-9",NA,"male",NA,NA,NA,TRUE
"SL18-LL-9-FG3","SL18-LL-9-FG3","SL18-LL-9",NA,"male",NA,NA,NA,TRUE
"SL18-NL-10-FG1","SL18-NL-10-FG1","SL18-NL-10",NA,"male",NA,NA,NA,TRUE
"SL18-NL-2-FG1","SL18-NL-2-FG1","SL18-NL-2",NA,"male",NA,NA,NA,TRUE
"SL18-NL-2-FG3","SL18-NL-2-FG3","SL18-NL-2",NA,"male",NA,NA,NA,TRUE
"SL18-NL-3-FG1","SL18-NL-3-FG1","SL18-NL-3",NA,"male",NA,NA,NA,TRUE
"SL18-NL-3-FG3","SL18-NL-3-FG3","SL18-NL-3",NA,"male",NA,NA,NA,TRUE
"SL18-OI-11-FG3","SL18-OI-11-FG3","SL18-OI-11",NA,"male",NA,NA,NA,TRUE
"SL18-JS-16-FG3","SL18-JS-16-FG3","SL18-JS-16",NA,"male",NA,NA,NA,TRUE
"SL18-CC-1-FG2","SL18-CC-1-FG2","SL18-CC-1",NA,"male",NA,NA,NA,TRUE
"SL18-CC-5-FG2","SL18-CC-5-FG2","SL18-CC-5",NA,"male",NA,NA,NA,TRUE
"SL18-CC-5-FG3","SL18-CC-5-FG3","SL18-CC-5",NA,"male",NA,NA,NA,TRUE
"SL18-JS-16-FG1","SL18-JS-16-FG1","SL18-JS-16",NA,"male",NA,NA,NA,TRUE
"SL18-NC-12-FG2","SL18-NC-12-FG2","SL18-NC-12",NA,"male",NA,NA,NA,TRUE
"SL18-OD-5-FG1","SL18-OD-5-FG1","SL18-OD-5",NA,"male",NA,NA,NA,TRUE
"SA18-CB-9-FG1","SA18-CB-9-FG1","SA18-CB-9",NA,"male",NA,NA,NA,TRUE
"SL18-CC-5-FG1","SL18-CC-5-FG1","SL18-CC-5",NA,"male",NA,NA,NA,TRUE
"SL18-CC-12-FG3","SL18-CC-12-FG3","SL18-CC-12",NA,"male",NA,NA,NA,TRUE
"SL18-SF-17-FG2","SL18-SF-17-FG2","SL18-SF-17",NA,"male",NA,NA,NA,TRUE
"SL18-JS-5-FG1","SL18-JS-5-FG1","SL18-JS-5",NA,"male",NA,NA,NA,TRUE
"SA18-CB-2-FG3","SA18-CB-2-FG3","SA18-CB-2",NA,"male",NA,NA,NA,TRUE
"SL18-CC-3-FG1","SL18-CC-3-FG1","SL18-CC-3",NA,"male",NA,NA,NA,TRUE
"SL18-NC-10-FG1","SL18-NC-10-FG1","SL18-NC-10",NA,"male",NA,NA,NA,TRUE
"SL18-OI-17-FG4","SL18-OI-17-FG4","SL18-OI-17",NA,"male",NA,NA,NA,TRUE
"SL18-CC-3-FG2","SL18-CC-3-FG2","SL18-CC-3",NA,"male",NA,NA,NA,TRUE
"SL18-CC-1-FG1","SL18-CC-1-FG1","SL18-CC-1",NA,"male",NA,NA,NA,TRUE
"SL18-OI-6-FG2","SL18-OI-6-FG2","SL18-OI-6",NA,"male",NA,NA,NA,TRUE
"SL18-CC-12-FG2","SL18-CC-12-FG2","SL18-CC-12",NA,"male",NA,NA,NA,TRUE
"SL18-NC-10-FG3","SL18-NC-10-FG3","SL18-NC-10",NA,"male",NA,NA,NA,TRUE
"SL18-CC-8-FG1","SL18-CC-8-FG1","SL18-CC-8",NA,"male",NA,NA,NA,TRUE
"SL18-NC-5-FG2","SL18-NC-5-FG2","SL18-NC-5",NA,"male",NA,NA,NA,TRUE
"SL18-CC-6-FG3","SL18-CC-6-FG3","SL18-CC-6",NA,"male",NA,NA,NA,TRUE
"SL18-NL-7-FG4","SL18-NL-7-FG4","SL18-NL-7",NA,"male",NA,NA,NA,TRUE
"SL18-CC-3-FG3","SL18-CC-3-FG3","SL18-CC-3",NA,"male",NA,NA,NA,TRUE
"SL18-JS-19-FG3","SL18-JS-19-FG3","SL18-JS-19",NA,"male",NA,NA,NA,TRUE
"SL18-NC-15-FG3","SL18-NC-15-FG3","SL18-NC-15",NA,"male",NA,NA,NA,TRUE
"SL18-LL-9-FG2","SL18-LL-9-FG2","SL18-LL-9",NA,"male",NA,NA,NA,TRUE
"SA18-CB-4-FG6","SA18-CB-4-FG6","SA18-CB-4",NA,"male",NA,NA,NA,TRUE
"SL18-JS-9-FG3","SL18-JS-9-FG3","SL18-JS-9",NA,"male",NA,NA,NA,TRUE
"SL18-SF-13-FG2","SL18-SF-13-FG2","SL18-SF-13",NA,"male",NA,NA,NA,TRUE
"SL18-JS-19-FG2","SL18-JS-19-FG2","SL18-JS-19",NA,"male",NA,NA,NA,TRUE
"SL18-NL-5-FG1","SL18-NL-5-FG1","SL18-NL-5",NA,"male",NA,NA,NA,TRUE
"SL18-NC-8-FG1","SL18-NC-8-FG1","SL18-NC-8",NA,"male",NA,NA,NA,TRUE
"SL18-SF-19-MG2","SL18-SF-19-MG2","SL18-SF-19",NA,"female",NA,NA,NA,TRUE
"SL18-OI-4-MG1","SL18-OI-4-MG1","SL18-OI-4",NA,"female",NA,NA,NA,TRUE
"SL18-OI-11-MG2","SL18-OI-11-MG2","SL18-OI-11",NA,"female",NA,NA,NA,TRUE
"SL18-OI-14-MG2","SL18-OI-14-MG2","SL18-OI-14",NA,"female",NA,NA,NA,TRUE
"SL18-OI-15-MG1","SL18-OI-15-MG1","SL18-OI-15",NA,"female",NA,NA,NA,TRUE
"SL18-OI-16-MG1","SL18-OI-16-MG1","SL18-OI-16",NA,"female",NA,NA,NA,TRUE
"SL18-SF-17-MG1","SL18-SF-17-MG1","SL18-SF-17",NA,"female",NA,NA,NA,TRUE
"SA18-CB-7-MG2","SA18-CB-7-MG2","SA18-CB-7",NA,"female",NA,NA,NA,TRUE
"SL18-NL-3-MG2","SL18-NL-3-MG2","SL18-NL-3",NA,"female",NA,NA,NA,TRUE
"SA18-CB-7-MG1","SA18-CB-7-MG1","SA18-CB-7",NA,"female",NA,NA,NA,TRUE
"SL18-SF-19-MG1","SL18-SF-19-MG1","SL18-SF-19",NA,"female",NA,NA,NA,TRUE
"SL18-SF-15-MG2","SL18-SF-15-MG2","SL18-SF-15",NA,"female",NA,NA,NA,TRUE
"SA18-CB-2-MG3","SA18-CB-2-MG3","SA18-CB-2",NA,"female",NA,NA,NA,TRUE
"SL18-NL-5-MG1","SL18-NL-5-MG1","SL18-NL-5",NA,"female",NA,NA,NA,TRUE
"SL18-SF-15-MG1","SL18-SF-15-MG1","SL18-SF-15",NA,"female",NA,NA,NA,TRUE
"SA18-CB-4-MG3","SA18-CB-4-MG3","SA18-CB-4",NA,"female",NA,NA,NA,TRUE
"SA18-CB-5-MG3","SA18-CB-5-MG3","SA18-CB-5",NA,"female",NA,NA,NA,TRUE
"SL18-LD-13-MG2","SL18-LD-13-MG2","SL18-LD-13",NA,"female",NA,NA,NA,TRUE
"SL18-LD-3-MG2","SL18-LD-3-MG2","SL18-LD-3",NA,"female",NA,NA,NA,TRUE
"SL18-NL-6-MG1","SL18-NL-6-MG1","SL18-NL-6",NA,"female",NA,NA,NA,TRUE
"SL18-SF-17-MG2","SL18-SF-17-MG2","SL18-SF-17",NA,"female",NA,NA,NA,TRUE
"SL18-OI-9-MG3","SL18-OI-9-MG3","SL18-OI-9",NA,"female",NA,NA,NA,TRUE
"SL18-LD-9-MG1","SL18-LD-9-MG1","SL18-LD-9",NA,"female",NA,NA,NA,TRUE
"SL18-NL-2-MG2","SL18-NL-2-MG2","SL18-NL-2",NA,"female",NA,NA,NA,TRUE
"SL18-LD-2-MG3","SL18-LD-2-MG3","SL18-LD-2",NA,"female",NA,NA,NA,TRUE
"SL18-OI-7-MG1","SL18-OI-7-MG1","SL18-OI-7",NA,"female",NA,NA,NA,TRUE
"SL18-LD-2-MG1","SL18-LD-2-MG1","SL18-LD-2",NA,"female",NA,NA,NA,TRUE
"SA18-CB-1-MG2","SA18-CB-1-MG2","SA18-CB-1",NA,"female",NA,NA,NA,TRUE
"SL18-NL-9-MG1","SL18-NL-9-MG1","SL18-NL-9",NA,"female",NA,NA,NA,TRUE
"SA18-CB-2-MG1","SA18-CB-2-MG1","SA18-CB-2",NA,"female",NA,NA,NA,TRUE
"SA18-CB-4-MG1","SA18-CB-4-MG1","SA18-CB-4",NA,"female",NA,NA,NA,TRUE
"SL18-OI-18-MG1","SL18-OI-18-MG1","SL18-OI-18",NA,"female",NA,NA,NA,TRUE
"SL18-LL-9-MG3","SL18-LL-9-MG3","SL18-LL-9",NA,"female",NA,NA,NA,TRUE
"SA18-CB-10-MG1","SA18-CB-10-MG1","SA18-CB-10",NA,"female",NA,NA,NA,TRUE
"SA18-CB-3-MG3","SA18-CB-3-MG3","SA18-CB-3",NA,"female",NA,NA,NA,TRUE
"SL18-NL-10-MG2","SL18-NL-10-MG2","SL18-NL-10",NA,"female",NA,NA,NA,TRUE
"SL18-NL-2-MG3","SL18-NL-2-MG3","SL18-NL-2",NA,"female",NA,NA,NA,TRUE
"SL18-SF-13-MG3","SL18-SF-13-MG3","SL18-SF-13",NA,"female",NA,NA,NA,TRUE
"SL18-OI-6-MG2","SL18-OI-6-MG2","SL18-OI-6",NA,"female",NA,NA,NA,TRUE
"SL18-OI-15-MG2","SL18-OI-15-MG2","SL18-OI-15",NA,"female",NA,NA,NA,TRUE
"SL18-SF-17-MG3","SL18-SF-17-MG3","SL18-SF-17",NA,"female",NA,NA,NA,TRUE
"SL18-NL-7-MG1","SL18-NL-7-MG1","SL18-NL-7",NA,"female",NA,NA,NA,TRUE
"SL18-SF-13-MG1","SL18-SF-13-MG1","SL18-SF-13",NA,"female",NA,NA,NA,TRUE
"SA18-CB-2-MG2","SA18-CB-2-MG2","SA18-CB-2",NA,"female",NA,NA,NA,TRUE
"SL18-NL-2-MG1","SL18-NL-2-MG1","SL18-NL-2",NA,"female",NA,NA,NA,TRUE
"SL18-CC-1-MG3","SL18-CC-1-MG3","SL18-CC-1",NA,"female",NA,NA,NA,TRUE
"SL18-NC-10-MG3","SL18-NC-10-MG3","SL18-NC-10",NA,"female",NA,NA,NA,TRUE
"SA18-CB-7-MG3","SA18-CB-7-MG3","SA18-CB-7",NA,"female",NA,NA,NA,TRUE
"SL18-OI-14-MG1","SL18-OI-14-MG1","SL18-OI-14",NA,"female",NA,NA,NA,TRUE
"SL18-CC-3-MG1","SL18-CC-3-MG1","SL18-CC-3",NA,"female",NA,NA,NA,TRUE
"SL18-CC-4-MG11","SL18-CC-4-MG11","SL18-CC-4",NA,"female",NA,NA,NA,TRUE
"SL18-JS-5-MG3","SL18-JS-5-MG3","SL18-JS-5",NA,"female",NA,NA,NA,TRUE
"SL18-JS-9-MG1","SL18-JS-9-MG1","SL18-JS-9",NA,"female",NA,NA,NA,TRUE
"SL18-NC-1-MG1","SL18-NC-1-MG1","SL18-NC-1",NA,"female",NA,NA,NA,TRUE
"SA18-CB-1-MG12","SA18-CB-1-MG12","SA18-CB-1",NA,"female",NA,NA,NA,TRUE
"SL18-JS-5-MG2","SL18-JS-5-MG2","SL18-JS-5",NA,"female",NA,NA,NA,TRUE
"SA18-CB-10-MG3","SA18-CB-10-MG3","SA18-CB-10",NA,"female",NA,NA,NA,TRUE
"SL18-JS-6-MG3","SL18-JS-6-MG3","SL18-JS-6",NA,"female",NA,NA,NA,TRUE
"SL18-LD-2-MG2","SL18-LD-2-MG2","SL18-LD-2",NA,"female",NA,NA,NA,TRUE
"SL18-JS-6-MG2","SL18-JS-6-MG2","SL18-JS-6",NA,"female",NA,NA,NA,TRUE
"SL18-OI-2-MG2","SL18-OI-2-MG2","SL18-OI-2",NA,"female",NA,NA,NA,TRUE
"SL18-JS-19-MG2","SL18-JS-19-MG2","SL18-JS-19",NA,"female",NA,NA,NA,TRUE
"SL18-OD-6-MG2","SL18-OD-6-MG2","SL18-OD-6",NA,"female",NA,NA,NA,TRUE
"SL18-NC-15-MG1","SL18-NC-15-MG1","SL18-NC-15",NA,"female",NA,NA,NA,TRUE
"SA18-CB-4-MG2","SA18-CB-4-MG2","SA18-CB-4",NA,"female",NA,NA,NA,TRUE
"SL18-OD-6-MG1","SL18-OD-6-MG1","SL18-OD-6",NA,"female",NA,NA,NA,TRUE
"SA18-CB-1-MG13","SA18-CB-1-MG13","SA18-CB-1",NA,"female",NA,NA,NA,TRUE
"SL18-OI-4-MG3","SL18-OI-4-MG3","SL18-OI-4",NA,"female",NA,NA,NA,TRUE
"SL18-NL-5-MG2","SL18-NL-5-MG2","SL18-NL-5",NA,"female",NA,NA,NA,TRUE
"SL18-NC-9-MG2","SL18-NC-9-MG2","SL18-NC-9",NA,"female",NA,NA,NA,TRUE
"SL18-OI-11-MG4","SL18-OI-11-MG4","SL18-OI-11",NA,"female",NA,NA,NA,TRUE
"SL18-NC-2-MG1","SL18-NC-2-MG1","SL18-NC-2",NA,"female",NA,NA,NA,TRUE
"SL18-JS-11-MG3","SL18-JS-11-MG3","SL18-JS-11",NA,"female",NA,NA,NA,TRUE
"SL18-JS-9-MG2","SL18-JS-9-MG2","SL18-JS-9",NA,"female",NA,NA,NA,TRUE
"SL18-JS-19-MG1","SL18-JS-19-MG1","SL18-JS-19",NA,"female",NA,NA,NA,TRUE
"SL18-OD-3-MG1","SL18-OD-3-MG1","SL18-OD-3",NA,"female",NA,NA,NA,TRUE
"SA18-CB-3-MG1","SA18-CB-3-MG1","SA18-CB-3",NA,"female",NA,NA,NA,TRUE
"SL18-OD-6-MG3","SL18-OD-6-MG3","SL18-OD-6",NA,"female",NA,NA,NA,TRUE
"SA18-CB-3-MG2","SA18-CB-3-MG2","SA18-CB-3",NA,"female",NA,NA,NA,TRUE
"SL18-NC-12-MG1","SL18-NC-12-MG1","SL18-NC-12",NA,"female",NA,NA,NA,TRUE
"SL18-JS-11-MG2","SL18-JS-11-MG2","SL18-JS-11",NA,"female",NA,NA,NA,TRUE
"SL18-CC-6-MG2","SL18-CC-6-MG2","SL18-CC-6",NA,"female",NA,NA,NA,TRUE
"SL18-OI-17-MG1","SL18-OI-17-MG1","SL18-OI-17",NA,"female",NA,NA,NA,TRUE
"SL18-CC-7-MG1","SL18-CC-7-MG1","SL18-CC-7",NA,"female",NA,NA,NA,TRUE
"SL18-JS-6-MG1","SL18-JS-6-MG1","SL18-JS-6",NA,"female",NA,NA,NA,TRUE
"SL18-LD-13-MG3","SL18-LD-13-MG3","SL18-LD-13",NA,"female",NA,NA,NA,TRUE
"SL18-OI-16-MG2","SL18-OI-16-MG2","SL18-OI-16",NA,"female",NA,NA,NA,TRUE
"SL18-LL-9-MG4","SL18-LL-9-MG4","SL18-LL-9",NA,"female",NA,NA,NA,TRUE
"SL18-NL-7-MG2","SL18-NL-7-MG2","SL18-NL-7",NA,"female",NA,NA,NA,TRUE
"SL18-NC-11-MG2","SL18-NC-11-MG2","SL18-NC-11",NA,"female",NA,NA,NA,TRUE
"SL18-LD-1-MG1","SL18-LD-1-MG1","SL18-LD-1",NA,"female",NA,NA,NA,TRUE
"SL18-OI-11-FG1","SL18-OI-11-FG1","SL18-OI-11",NA,"male",NA,NA,NA,TRUE
"SL18-OI-17-FG2","SL18-OI-17-FG2","SL18-OI-17",NA,"male",NA,NA,NA,TRUE
"SL18-OI-18-FG3","SL18-OI-18-FG3","SL18-OI-18",NA,"male",NA,NA,NA,TRUE
"SL18-OI-18-FG5","SL18-OI-18-FG5","SL18-OI-18",NA,"male",NA,NA,NA,TRUE
"SL18-OI-18-FG6","SL18-OI-18-FG6","SL18-OI-18",NA,"male",NA,NA,NA,TRUE
"SL18-OI-7-FG3","SL18-OI-7-FG3","SL18-OI-7",NA,"male",NA,NA,NA,TRUE
"SL18-SF-17-FG1","SL18-SF-17-FG1","SL18-SF-17",NA,"male",NA,NA,NA,TRUE
"SL18-SF-17-FG3","SL18-SF-17-FG3","SL18-SF-17",NA,"male",NA,NA,NA,TRUE
"SA18-CB-10-FG2","SA18-CB-10-FG2","SA18-CB-10",NA,"male",NA,NA,NA,TRUE
"SL18-LD-1-FG3","SL18-LD-1-FG3","SL18-LD-1",NA,"male",NA,NA,NA,TRUE
"SL18-LD-4-FG1","SL18-LD-4-FG1","SL18-LD-4",NA,"male",NA,NA,NA,TRUE
"SL18-LD-4-FG2","SL18-LD-4-FG2","SL18-LD-4",NA,"male",NA,NA,NA,TRUE
"SL18-LD-5-FG1","SL18-LD-5-FG1","SL18-LD-5",NA,"male",NA,NA,NA,TRUE
"SL18-NL-10-FG3","SL18-NL-10-FG3","SL18-NL-10",NA,"male",NA,NA,NA,TRUE
"SL18-NL-3-FG2","SL18-NL-3-FG2","SL18-NL-3",NA,"male",NA,NA,NA,TRUE
"SL18-OI-5-FG5","SL18-OI-5-FG5","SL18-OI-5",NA,"male",NA,NA,NA,TRUE
"SL18-NC-11-FG1","SL18-NC-11-FG1","SL18-NC-11",NA,"male",NA,NA,NA,TRUE
"SL18-CC-11-FG3","SL18-CC-11-FG3","SL18-CC-11",NA,"male",NA,NA,NA,TRUE
"SL18-CC-1-FG3","SL18-CC-1-FG3","SL18-CC-1",NA,"male",NA,NA,NA,TRUE
"SL18-OD-5-FG3","SL18-OD-5-FG3","SL18-OD-5",NA,"male",NA,NA,NA,TRUE
"SL18-LL-9-FG6","SL18-LL-9-FG6","SL18-LL-9",NA,"male",NA,NA,NA,TRUE
"SL18-OI-15-FG2","SL18-OI-15-FG2","SL18-OI-15",NA,"male",NA,NA,NA,TRUE
"SA18-CB-5-FG4","SA18-CB-5-FG4","SA18-CB-5",NA,"male",NA,NA,NA,TRUE
"SL18-OI-4-FG2","SL18-OI-4-FG2","SL18-OI-4",NA,"male",NA,NA,NA,TRUE
"SL18-CC-8-FG2","SL18-CC-8-FG2","SL18-CC-8",NA,"male",NA,NA,NA,TRUE
"SL18-OI-6-FG3","SL18-OI-6-FG3","SL18-OI-6",NA,"male",NA,NA,NA,TRUE
"SL18-CC-9-FG3","SL18-CC-9-FG3","SL18-CC-9",NA,"male",NA,NA,NA,TRUE
"SL18-NC-9-FG2","SL18-NC-9-FG2","SL18-NC-9",NA,"male",NA,NA,NA,TRUE
"SL18-LD-9-FG4","SL18-LD-9-FG4","SL18-LD-9",NA,"male",NA,NA,NA,TRUE
"SL18-OI-9-FG4","SL18-OI-9-FG4","SL18-OI-9",NA,"male",NA,NA,NA,TRUE
"SL18-CC-6-FG2","SL18-CC-6-FG2","SL18-CC-6",NA,"male",NA,NA,NA,TRUE
"SL18-NC-1-FG1","SL18-NC-1-FG1","SL18-NC-1",NA,"male",NA,NA,NA,TRUE
"SA18-CB-5-FG6","SA18-CB-5-FG6","SA18-CB-5",NA,"male",NA,NA,NA,TRUE
"SL18-CC-6-FG1","SL18-CC-6-FG1","SL18-CC-6",NA,"male",NA,NA,NA,TRUE
"SL18-JS-5-FG2","SL18-JS-5-FG2","SL18-JS-5",NA,"male",NA,NA,NA,TRUE
"SL18-CC-10-FG4","SL18-CC-10-FG4","SL18-CC-10",NA,"male",NA,NA,NA,TRUE
"SL18-NC-5-FG3","SL18-NC-5-FG3","SL18-NC-5",NA,"male",NA,NA,NA,TRUE
"SL18-OI-16-FG2","SL18-OI-16-FG2","SL18-OI-16",NA,"male",NA,NA,NA,TRUE
"SL18-SF-13-MG2","SL18-SF-13-MG2","SL18-SF-13",NA,"female",NA,NA,NA,TRUE
"SL18-LD-10-MG1","SL18-LD-10-MG1","SL18-LD-10",NA,"female",NA,NA,NA,TRUE
"SL18-LL-9-MG1","SL18-LL-9-MG1","SL18-LL-9",NA,"female",NA,NA,NA,TRUE
"SL18-LD-1-MG2","SL18-LD-1-MG2","SL18-LD-1",NA,"female",NA,NA,NA,TRUE
"SL18-LD-5-MG1","SL18-LD-5-MG1","SL18-LD-5",NA,"female",NA,NA,NA,TRUE
"SL18-LL-9-MG2","SL18-LL-9-MG2","SL18-LL-9",NA,"female",NA,NA,NA,TRUE
"SL18-NL-9-MG2","SL18-NL-9-MG2","SL18-NL-9",NA,"female",NA,NA,NA,TRUE
"SL18-JS-16-MG1","SL18-JS-16-MG1","SL18-JS-16",NA,"female",NA,NA,NA,TRUE
"SL18-CC-8-MG2","SL18-CC-8-MG2","SL18-CC-8",NA,"female",NA,NA,NA,TRUE
"SL18-OI-9-MG2","SL18-OI-9-MG2","SL18-OI-9",NA,"female",NA,NA,NA,TRUE
"SL18-LD-2-MG4","SL18-LD-2-MG4","SL18-LD-2",NA,"female",NA,NA,NA,TRUE
"SL18-NC-9-MG1","SL18-NC-9-MG1","SL18-NC-9",NA,"female",NA,NA,NA,TRUE
"SL18-NC-5-MG1","SL18-NC-5-MG1","SL18-NC-5",NA,"female",NA,NA,NA,TRUE
"SL18-OI-16-MG3","SL18-OI-16-MG3","SL18-OI-16",NA,"female",NA,NA,NA,TRUE
"SL18-OI-15-MG3","SL18-OI-15-MG3","SL18-OI-15",NA,"female",NA,NA,NA,TRUE
"SL18-NC-2-MG3","SL18-NC-2-MG3","SL18-NC-2",NA,"female",NA,NA,NA,TRUE
"SL18-CC-11-MG5","SL18-CC-11-MG5","SL18-CC-11",NA,"female",NA,NA,NA,TRUE
"SL18-JS-9-MG3","SL18-JS-9-MG3","SL18-JS-9",NA,"female",NA,NA,NA,TRUE
"SL18-NC-10-MG2","SL18-NC-10-MG2","SL18-NC-10",NA,"female",NA,NA,NA,TRUE
"SL18-OI-11-MG3","SL18-OI-11-MG3","SL18-OI-11",NA,"female",NA,NA,NA,TRUE
"SL18-OI-18-MG3","SL18-OI-18-MG3","SL18-OI-18",NA,"female",NA,NA,NA,TRUE
"SL18-NC-15-MG3","SL18-NC-15-MG3","SL18-NC-15",NA,"female",NA,NA,NA,TRUE
"SL18-NC-5-MG3","SL18-NC-5-MG3","SL18-NC-5",NA,"female",NA,NA,NA,TRUE
"SL18-NC-12-MG3","SL18-NC-12-MG3","SL18-NC-12",NA,"female",NA,NA,NA,TRUE
"SL18-CC-1-MG2","SL18-CC-1-MG2","SL18-CC-1",NA,"female",NA,NA,NA,TRUE
"SL18-CC-2-MG5","SL18-CC-2-MG5","SL18-CC-2",NA,"female",NA,NA,NA,TRUE
"SL18-OI-7-MG3","SL18-OI-7-MG3","SL18-OI-7",NA,"female",NA,NA,NA,TRUE
"SL18-NC-8-MG2","SL18-NC-8-MG2","SL18-NC-8",NA,"female",NA,NA,NA,TRUE
"SL18-OI-5-MG3","SL18-OI-5-MG3","SL18-OI-5",NA,"female",NA,NA,NA,TRUE
"SL18-NC-2-MG2","SL18-NC-2-MG2","SL18-NC-2",NA,"female",NA,NA,NA,TRUE
"SL18-FW-2-MG2","SL18-FW-2-MG2","SL18-FW-2",NA,NA,NA,NA,NA,FALSE
"SL18-PI-1-MG1","SL18-PI-1-MG1","SL18-PI-1",NA,NA,NA,NA,NA,FALSE
"SL18-PI-1-MG2","SL18-PI-1-MG2","SL18-PI-1",NA,NA,NA,NA,NA,FALSE
"SL18-PI-1-MG4","SL18-PI-1-MG4","SL18-PI-1",NA,NA,NA,NA,NA,FALSE
"SL18-CC-6-MG11","SL18-CC-6-MG11","SL18-CC-6",NA,NA,NA,NA,NA,FALSE
"SL18-NL-3-MG1","SL18-NL-3-MG1","SL18-NL-3",NA,NA,NA,NA,NA,FALSE
"SL18-TI-1-MG2","SL18-TI-1-MG2","SL18-TI-1",NA,NA,NA,NA,NA,FALSE
"SL18-TI-2-MG3","SL18-TI-2-MG3","SL18-TI-2",NA,NA,NA,NA,NA,FALSE
"SL18-TI-3-MG11","SL18-TI-3-MG11","SL18-TI-3",NA,NA,NA,NA,NA,FALSE
"SL18-TI-4-MG1","SL18-TI-4-MG1","SL18-TI-4",NA,NA,NA,NA,NA,FALSE
"SL18-TI-4-MG3","SL18-TI-4-MG3","SL18-TI-4",NA,NA,NA,NA,NA,FALSE
"SL18-BL-10-MG2","SL18-BL-10-MG2","SL18-BL-10",NA,NA,NA,NA,NA,FALSE
"SL18-BL-11-MG4","SL18-BL-11-MG4","SL18-BL-11",NA,NA,NA,NA,NA,FALSE
"SL18-BL-12-MG1","SL18-BL-12-MG1","SL18-BL-12",NA,NA,NA,NA,NA,FALSE
"SL18-BL-12-MG3","SL18-BL-12-MG3","SL18-BL-12",NA,NA,NA,NA,NA,FALSE
"SL18-BL-17-MG3","SL18-BL-17-MG3","SL18-BL-17",NA,NA,NA,NA,NA,FALSE
"SL18-OD-3-MG3","SL18-OD-3-MG3","SL18-OD-3",NA,NA,NA,NA,NA,FALSE
"SL18-OD-5-MG2","SL18-OD-5-MG2","SL18-OD-5",NA,NA,NA,NA,NA,FALSE
"SL18-OD-10-MG3","SL18-OD-10-MG3","SL18-OD-10",NA,NA,NA,NA,NA,FALSE
"SL18-FW-14-FG2","SL18-FW-14-FG2","SL18-FW-14",NA,NA,NA,NA,NA,FALSE
"SL18-FW-14-FG11","SL18-FW-14-FG11","SL18-FW-14",NA,NA,NA,NA,NA,FALSE
"SL18-FW-14-FG12","SL18-FW-14-FG12","SL18-FW-14",NA,NA,NA,NA,NA,FALSE
"SL18-FI-1-FG3","SL18-FI-1-FG3","SL18-FI-1",NA,NA,NA,NA,NA,FALSE
"SL18-FI-1-FG13","SL18-FI-1-FG13","SL18-FI-1",NA,NA,NA,NA,NA,FALSE
"SL18-PI-1-FG1","SL18-PI-1-FG1","SL18-PI-1",NA,NA,NA,NA,NA,FALSE
"SL18-PI-1-FG3","SL18-PI-1-FG3","SL18-PI-1",NA,NA,NA,NA,NA,FALSE
"SL18-JS-6-FG3","SL18-JS-6-FG3","SL18-JS-6",NA,NA,NA,NA,NA,FALSE
"SL18-JS-9-FG2","SL18-JS-9-FG2","SL18-JS-9",NA,NA,NA,NA,NA,FALSE
"SL18-NL-2-FG2","SL18-NL-2-FG2","SL18-NL-2",NA,NA,NA,NA,NA,FALSE
"SL18-NL-6-FG2","SL18-NL-6-FG2","SL18-NL-6",NA,NA,NA,NA,NA,FALSE
"SL18-NL-7-FG3","SL18-NL-7-FG3","SL18-NL-7",NA,NA,NA,NA,NA,FALSE
"SL18-TI-4-FG3","SL18-TI-4-FG3","SL18-TI-4",NA,NA,NA,NA,NA,FALSE
"SL18-BL-18-FG10","SL18-BL-18-FG10","SL18-BL-18",NA,NA,NA,NA,NA,FALSE
"SL18-FW-21-MG1","SL18-FW-21-MG1","SL18-FW-21",NA,NA,NA,NA,NA,FALSE
"SL18-FI-2-FG11","SL18-FI-2-FG11","SL18-FI-2",NA,NA,NA,NA,NA,FALSE
"SL18-FI-2-FG12","SL18-FI-2-FG12","SL18-FI-2",NA,NA,NA,NA,NA,FALSE
"SL18-LD-3-FG3","SL18-LD-3-FG3","SL18-LD-3",NA,NA,NA,NA,NA,FALSE
"SL18-CC-7-MG2","SL18-CC-7-MG2","SL18-CC-7",NA,NA,NA,NA,NA,FALSE
"SL18-FI-1-MG2","SL18-FI-1-MG2","SL18-FI-1",NA,NA,NA,NA,NA,FALSE
"SL18-JS-11-FG4","SL18-JS-11-FG4","SL18-JS-11",NA,NA,NA,NA,NA,FALSE
"SL18-FW-12-MG10","SL18-FW-12-MG10","SL18-FW-12",NA,NA,NA,NA,NA,FALSE
"SL18-BL-14-MG1","SL18-BL-14-MG1","SL18-BL-14",NA,NA,NA,NA,NA,FALSE
"SL18-FI-1-MG10","SL18-FI-1-MG10","SL18-FI-1",NA,NA,NA,NA,NA,FALSE
"SL18-LD-5-FG2","SL18-LD-5-FG2","SL18-LD-5",NA,NA,NA,NA,NA,FALSE
"SL18-FW-21-MG2","SL18-FW-21-MG2","SL18-FW-21",NA,NA,NA,NA,NA,FALSE
"SL18-LD-9-MG2","SL18-LD-9-MG2","SL18-LD-9",NA,NA,NA,NA,NA,FALSE
"SL18-BL-16-MG2","SL18-BL-16-MG2","SL18-BL-16",NA,NA,NA,NA,NA,FALSE
"SL18-FI-2-MG1","SL18-FI-2-MG1","SL18-FI-2",NA,NA,NA,NA,NA,FALSE
"SL18-FW-12-MG2","SL18-FW-12-MG2","SL18-FW-12",NA,NA,NA,NA,NA,FALSE
"SL18-BL-17-MG2","SL18-BL-17-MG2","SL18-BL-17",NA,NA,NA,NA,NA,FALSE
"SL18-BL-18-MG3","SL18-BL-18-MG3","SL18-BL-18",NA,NA,NA,NA,NA,FALSE
"SL18-OD-3-MG2","SL18-OD-3-MG2","SL18-OD-3",NA,NA,NA,NA,NA,FALSE
"SA18-CB-5-FG1","SA18-CB-5-FG1","SA18-CB-5",NA,"male",NA,NA,NA,TRUE
"SA18-CB-7-FG3","SA18-CB-7-FG3","SA18-CB-7",NA,NA,NA,NA,NA,FALSE
"SL18-JS-16-MG2","SL18-JS-16-MG2","SL18-JS-16",NA,NA,NA,NA,NA,FALSE
"SL18-CC-8-MG3","SL18-CC-8-MG3","SL18-CC-8",NA,NA,NA,NA,NA,FALSE
"SA18-CB-5-FG5","SA18-CB-5-FG5","SA18-CB-5",NA,NA,NA,NA,NA,FALSE
"SL18-LD-10-FG3","SL18-LD-10-FG3","SL18-LD-10",NA,NA,NA,NA,NA,FALSE
"SL18-NL-10-FG2","SL18-NL-10-FG2","SL18-NL-10",NA,NA,NA,NA,NA,FALSE
"SL18-NC-11-MG3","SL18-NC-11-MG3","SL18-NC-11",NA,NA,NA,NA,NA,FALSE
"SL18-CC-9-MG4","SL18-CC-9-MG4","SL18-CC-9",NA,NA,NA,NA,NA,FALSE
"SL18-BL-10-FG2","SL18-BL-10-FG2","SL18-BL-10",NA,NA,NA,NA,NA,FALSE
"SL18-BL-10-MG1","SL18-BL-10-MG1","SL18-BL-10",NA,NA,NA,NA,NA,FALSE
"SL18-BL-15-FG1","SL18-BL-15-FG1","SL18-BL-15",NA,NA,NA,NA,NA,FALSE
"SL18-BL-12-MG2","SL18-BL-12-MG2","SL18-BL-12",NA,NA,NA,NA,NA,FALSE
"SL18-NC-15-MG4","SL18-NC-15-MG4","SL18-NC-15",NA,NA,NA,NA,NA,FALSE
"SL18-BL-16-FG3","SL18-BL-16-FG3","SL18-BL-16",NA,NA,NA,NA,NA,FALSE
"SL18-LD-1-MG3","SL18-LD-1-MG3","SL18-LD-1",NA,NA,NA,NA,NA,FALSE
"SL18-FW-12-MG11","SL18-FW-12-MG11","SL18-FW-12",NA,NA,NA,NA,NA,FALSE
"SL18-CC-2-FG1","SL18-CC-2-FG1","SL18-CC-2",NA,NA,NA,NA,NA,FALSE
"SL18-SF-18-FG1","SL18-SF-18-FG1","SL18-SF-18",NA,NA,NA,NA,NA,FALSE
"SL18-BL-11-FG1","SL18-BL-11-FG1","SL18-BL-11",NA,NA,NA,NA,NA,FALSE
"SL18-BL-13-MG1","SL18-BL-13-MG1","SL18-BL-13",NA,NA,NA,NA,NA,FALSE
"SL18-BL-14-FG3","SL18-BL-14-FG3","SL18-BL-14",NA,NA,NA,NA,NA,FALSE
"SL18-BL-17-FG3","SL18-BL-17-FG3","SL18-BL-17",NA,NA,NA,NA,NA,FALSE
"SL18-CC-9-FG1","SL18-CC-9-FG1","SL18-CC-9",NA,NA,NA,NA,NA,FALSE
"SL18-FI-1-FG10","SL18-FI-1-FG10","SL18-FI-1",NA,NA,NA,NA,NA,FALSE
"SL18-FI-1-FG11","SL18-FI-1-FG11","SL18-FI-1",NA,NA,NA,NA,NA,FALSE
"SL18-FI-1-FG12","SL18-FI-1-FG12","SL18-FI-1",NA,NA,NA,NA,NA,FALSE
"SL18-FI-2-FG10","SL18-FI-2-FG10","SL18-FI-2",NA,NA,NA,NA,NA,FALSE
"SL18-FW-12-FG10","SL18-FW-12-FG10","SL18-FW-12",NA,NA,NA,NA,NA,FALSE
"SL18-FW-14-FG13","SL18-FW-14-FG13","SL18-FW-14",NA,NA,NA,NA,NA,FALSE
"SL18-FW-2-MG1","SL18-FW-2-MG1","SL18-FW-2",NA,NA,NA,NA,NA,FALSE
"SL18-JS-5-MG1","SL18-JS-5-MG1","SL18-JS-5",NA,NA,NA,NA,NA,FALSE
"SL18-LD-13-FG1","SL18-LD-13-FG1","SL18-LD-13",NA,NA,NA,NA,NA,FALSE
"SL18-LD-2-FG3","SL18-LD-2-FG3","SL18-LD-2",NA,NA,NA,NA,NA,FALSE
"SL18-LD-9-FG1","SL18-LD-9-FG1","SL18-LD-9",NA,NA,NA,NA,NA,FALSE
"SL18-TI-3-MG2","SL18-TI-3-MG2","SL18-TI-3",NA,NA,NA,NA,NA,FALSE
"SL18-LL-9-FG1","SL18-LL-9-FG1","SL18-LL-9",NA,NA,NA,NA,NA,FALSE
"SL18-NC-1-FG3","SL18-NC-1-FG3","SL18-NC-1",NA,NA,NA,NA,NA,FALSE
"SL18-NC-8-FG2","SL18-NC-8-FG2","SL18-NC-8",NA,NA,NA,NA,NA,FALSE
"SL18-NC-10-MG1","SL18-NC-10-MG1","SL18-NC-10",NA,NA,NA,NA,NA,FALSE
"SL18-NC-11-FG3","SL18-NC-11-FG3","SL18-NC-11",NA,NA,NA,NA,NA,FALSE
"SL18-NL-6-FG3","SL18-NL-6-FG3","SL18-NL-6",NA,NA,NA,NA,NA,FALSE
"SL18-NL-9-MG3","SL18-NL-9-MG3","SL18-NL-9",NA,NA,NA,NA,NA,FALSE
"SL18-NL-6-MG2","SL18-NL-6-MG2","SL18-NL-6",NA,NA,NA,NA,NA,FALSE
"SL18-OD-5-MG1","SL18-OD-5-MG1","SL18-OD-5",NA,NA,NA,NA,NA,FALSE
"SL18-OI-16-FG1","SL18-OI-16-FG1","SL18-OI-16",NA,NA,NA,NA,NA,FALSE
"SL18-OI-4-FG3","SL18-OI-4-FG3","SL18-OI-4",NA,NA,NA,NA,NA,FALSE
"SL18-OI-5-MG2","SL18-OI-5-MG2","SL18-OI-5",NA,NA,NA,NA,NA,FALSE
"SL18-OI-7-FG1","SL18-OI-7-FG1","SL18-OI-7",NA,NA,NA,NA,NA,FALSE
"SL18-PI-1-FG10","SL18-PI-1-FG10","SL18-PI-1",NA,NA,NA,NA,NA,FALSE
"SL18-PI-1-MG11","SL18-PI-1-MG11","SL18-PI-1",NA,NA,NA,NA,NA,FALSE
"SL18-PI-1-MG3","SL18-PI-1-MG3","SL18-PI-1",NA,NA,NA,NA,NA,FALSE
"SL18-SF-13-MG11","SL18-SF-13-MG11","SL18-SF-13",NA,NA,NA,NA,NA,FALSE
"SA18-CB-5-FG3","SA18-CB-5-FG3","SA18-CB-5",NA,NA,NA,NA,NA,FALSE
"SL18-OD-10-FG2","SL18-OD-10-FG2","SL18-OD-10",NA,NA,NA,NA,NA,FALSE
"SL18-TI-4-FG1","SL18-TI-4-FG1","SL18-TI-4",NA,NA,NA,NA,NA,FALSE
"SL18-TI-3-MG1","SL18-TI-3-MG1","SL18-TI-3",NA,NA,NA,NA,NA,FALSE
"SL18-TI-4-FG2","SL18-TI-4-FG2","SL18-TI-4",NA,NA,NA,NA,NA,FALSE
"SL18-TI-5-MG3","SL18-TI-5-MG3","SL18-TI-5",NA,NA,NA,NA,NA,FALSE
"SL18-BL-11-MG1","SL18-BL-11-MG1","SL18-BL-11",NA,NA,NA,NA,NA,FALSE
"SL18-BL-11-MG2","SL18-BL-11-MG2","SL18-BL-11",NA,NA,NA,NA,NA,FALSE
"SL18-BL-17-MG1","SL18-BL-17-MG1","SL18-BL-17",NA,NA,NA,NA,NA,FALSE
"SL18-FI-2-MG3","SL18-FI-2-MG3","SL18-FI-2",NA,NA,NA,NA,NA,FALSE
"SL18-OI-11-MG1","SL18-OI-11-MG1","SL18-OI-11",NA,NA,NA,NA,NA,FALSE
"SL18-NC-9-MG3","SL18-NC-9-MG3","SL18-NC-9",NA,NA,NA,NA,NA,FALSE
"SL18-NC-15-MG2","SL18-NC-15-MG2","SL18-NC-15",NA,NA,NA,NA,NA,FALSE
"SL18-CB-2-MG1","SL18-CB-2-MG1","SL18-CB-2",NA,NA,NA,NA,NA,FALSE
"SL18-CB-3-MG1","SL18-CB-3-MG1","SL18-CB-3",NA,NA,NA,NA,NA,FALSE
"SL18-CB-3-MG2","SL18-CB-3-MG2","SL18-CB-3",NA,NA,NA,NA,NA,FALSE
"SL18-CB-4-MG2","SL18-CB-4-MG2","SL18-CB-4",NA,NA,NA,NA,NA,FALSE
"SL18-CB-4-MG3","SL18-CB-4-MG3","SL18-CB-4",NA,NA,NA,NA,NA,FALSE
"SL18-CB-7-MG1","SL18-CB-7-MG1","SL18-CB-7",NA,NA,NA,NA,NA,FALSE
"SL18-NC-8-MG1","SL18-NC-8-MG1","SL18-NC-8",NA,NA,NA,NA,NA,FALSE
"SL18-TI-1-MG1","SL18-TI-1-MG1","SL18-TI-1",NA,NA,NA,NA,NA,FALSE
"SL18-TI-1-MG3","SL18-TI-1-MG3","SL18-TI-1",NA,NA,NA,NA,NA,FALSE
"SL18-TI-1-MG4","SL18-TI-1-MG4","SL18-TI-1",NA,NA,NA,NA,NA,FALSE
"SL18-TI-1-MG11","SL18-TI-1-MG11","SL18-TI-1",NA,NA,NA,NA,NA,FALSE
"SL18-TI-2-MG1","SL18-TI-2-MG1","SL18-TI-2",NA,NA,NA,NA,NA,FALSE
"SL18-TI-2-MG2","SL18-TI-2-MG2","SL18-TI-2",NA,NA,NA,NA,NA,FALSE
"SL18-TI-3-MG3","SL18-TI-3-MG3","SL18-TI-3",NA,NA,NA,NA,NA,FALSE
"SL18-TI-3-MG14","SL18-TI-3-MG14","SL18-TI-3",NA,NA,NA,NA,NA,FALSE
"SL18-TI-4-MG2","SL18-TI-4-MG2","SL18-TI-4",NA,NA,NA,NA,NA,FALSE
"SL18-TI-5-MG1","SL18-TI-5-MG1","SL18-TI-5",NA,NA,NA,NA,NA,FALSE
"SL18-TI-5-MG2","SL18-TI-5-MG2","SL18-TI-5",NA,NA,NA,NA,NA,FALSE
"SL18-NL-6-MG3","SL18-NL-6-MG3","SL18-NL-6",NA,NA,NA,NA,NA,FALSE
"SL18-SF-13-MG13","SL18-SF-13-MG13","SL18-SF-13",NA,NA,NA,NA,NA,FALSE
"SL18-TI-6-MG1","SL18-TI-6-MG1","SL18-TI-6",NA,NA,NA,NA,NA,FALSE
"SL18-TI-6-MG2","SL18-TI-6-MG2","SL18-TI-6",NA,NA,NA,NA,NA,FALSE
"SL18-TI-6-MG3","SL18-TI-6-MG3","SL18-TI-6",NA,NA,NA,NA,NA,FALSE
"SL18-CC-1-MG11","SL18-CC-1-MG11","SL18-CC-1",NA,NA,NA,NA,NA,FALSE
"SL18-CC-2-MG6","SL18-CC-2-MG6","SL18-CC-2",NA,NA,NA,NA,NA,FALSE
"SL18-CC-9-MG3","SL18-CC-9-MG3","SL18-CC-9",NA,NA,NA,NA,NA,FALSE
"SL18-CC-11-MG6","SL18-CC-11-MG6","SL18-CC-11",NA,NA,NA,NA,NA,FALSE
"SL18-NL-5-MG3","SL18-NL-5-MG3","SL18-NL-5",NA,NA,NA,NA,NA,FALSE
"SL18-OI-17-MG3","SL18-OI-17-MG3","SL18-OI-17",NA,NA,NA,NA,NA,FALSE
"SL18-OI-18-MG4","SL18-OI-18-MG4","SL18-OI-18",NA,NA,NA,NA,NA,FALSE
"SL18-FW-14-FG1","SL18-FW-14-FG1","SL18-FW-14",NA,NA,NA,NA,NA,FALSE
"SL18-FI-1-FG2","SL18-FI-1-FG2","SL18-FI-1",NA,NA,NA,NA,NA,FALSE
"SA18-CB-1-FG2","SA18-CB-1-FG2","SA18-CB-1",NA,NA,NA,NA,NA,FALSE
"SL18-NC-15-FG2","SL18-NC-15-FG2","SL18-NC-15",NA,NA,NA,NA,NA,FALSE
"SL18-OD-3-FG2","SL18-OD-3-FG2","SL18-OD-3",NA,NA,NA,NA,NA,FALSE
"SL18-OI-9-FG2","SL18-OI-9-FG2","SL18-OI-9",NA,NA,NA,NA,NA,FALSE
"SL18-OI-15-FG3","SL18-OI-15-FG3","SL18-OI-15",NA,NA,NA,NA,NA,FALSE
"SL18-BL-18-FG11","SL18-BL-18-FG11","SL18-BL-18",NA,NA,NA,NA,NA,FALSE
"SL18-FI-2-FG1","SL18-FI-2-FG1","SL18-FI-2",NA,NA,NA,NA,NA,FALSE
"SL18-JS-6-FG2","SL18-JS-6-FG2","SL18-JS-6",NA,NA,NA,NA,NA,FALSE
"SL18-JS-19-FG5","SL18-JS-19-FG5","SL18-JS-19",NA,NA,NA,NA,NA,FALSE
"SL18-NC-15-FG1","SL18-NC-15-FG1","SL18-NC-15",NA,NA,NA,NA,NA,FALSE
"SL18-FW-21-FG2","SL18-FW-21-FG2","SL18-FW-21",NA,NA,NA,NA,NA,FALSE
"SL18-FW-21-FG1","SL18-FW-21-FG1","SL18-FW-21",NA,NA,NA,NA,NA,FALSE
"SL18-OD-1-MG4","SL18-OD-1-MG4","SL18-OD-1",NA,NA,NA,NA,NA,FALSE
"SL18-OD-3-FG4","SL18-OD-3-FG4","SL18-OD-3",NA,NA,NA,NA,NA,FALSE
"SL18-OD-4-FG4","SL18-OD-4-FG4","SL18-OD-4",NA,NA,NA,NA,NA,FALSE
"SL19-LR-5-FG1","SL19-LR-5-FG1","SL19-LR-5",NA,NA,NA,NA,NA,FALSE
"SL18-FW-21-FG4","SL18-FW-21-FG4","SL18-FW-21",NA,NA,NA,NA,NA,FALSE
"SL18-TI-3-FG4","SL18-TI-3-FG4","SL18-TI-3",NA,NA,NA,NA,NA,FALSE
"SL18-TI-3-FG5","SL18-TI-3-FG5","SL18-TI-3",NA,NA,NA,NA,NA,FALSE
"SL18-TI-3-FG6","SL18-TI-3-FG6","SL18-TI-3",NA,NA,NA,NA,NA,FALSE
"SL19-LR-5-FG2","SL19-LR-5-FG2","SL19-LR-5",NA,NA,NA,NA,NA,FALSE
"SL19-LR-2-MG2","SL19-LR-2-MG2","SL19-LR-2",NA,NA,NA,NA,NA,FALSE
"SL18-OD-6-FG2","SL18-OD-6-FG2","SL18-OD-6",NA,NA,NA,NA,NA,FALSE
"SL19-LR-2-FG1","SL19-LR-2-FG1","SL19-LR-2",NA,NA,NA,NA,NA,FALSE
"SL18-DB-6-FG1","SL18-DB-6-FG1","SL18-DB-6",NA,NA,NA,NA,NA,FALSE
"SL18-FI-2-FG5","SL18-FI-2-FG5","SL18-FI-2",NA,NA,NA,NA,NA,FALSE
"SL18-FW-12-MG5","SL18-FW-12-MG5","SL18-FW-12",NA,NA,NA,NA,NA,FALSE
"SL18-FI-1-FG4","SL18-FI-1-FG4","SL18-FI-1",NA,NA,NA,NA,NA,FALSE
"SL18-FW-12-MG6","SL18-FW-12-MG6","SL18-FW-12",NA,NA,NA,NA,NA,FALSE
"SL18-FI-2-FG7","SL18-FI-2-FG7","SL18-FI-2",NA,NA,NA,NA,NA,FALSE
"SL18-FW-21-MG5","SL18-FW-21-MG5","SL18-FW-21",NA,NA,NA,NA,NA,FALSE
"SL18-FW-12-FG4","SL18-FW-12-FG4","SL18-FW-12",NA,NA,NA,NA,NA,FALSE
"SL18-FW-21-MG4","SL18-FW-21-MG4","SL18-FW-21",NA,NA,NA,NA,NA,FALSE
"SL18-FI-1-FG6","SL18-FI-1-FG6","SL18-FI-1",NA,NA,NA,NA,NA,FALSE
"SL18-OI-6-FG6","SL18-OI-6-FG6","SL18-OI-6",NA,NA,NA,NA,NA,FALSE
"SL18-CC-4-MG4","SL18-CC-4-MG4","SL18-CC-4",NA,NA,NA,NA,NA,FALSE
"SL18-FI-2-FG4","SL18-FI-2-FG4","SL18-FI-2",NA,NA,NA,NA,NA,FALSE
"SL18-FW-2-MG4","SL18-FW-2-MG4","SL18-FW-2",NA,NA,NA,NA,NA,FALSE
"SL18-JS-19-FG6","SL18-JS-19-FG6","SL18-JS-19",NA,NA,NA,NA,NA,FALSE
"SL18-JS-9-MG4","SL18-JS-9-MG4","SL18-JS-9",NA,NA,NA,NA,NA,FALSE
"SL18-PI-1-MG5","SL18-PI-1-MG5","SL18-PI-1",NA,NA,NA,NA,NA,FALSE
"SL18-NL-5-MG5","SL18-NL-5-MG5","SL18-NL-5",NA,NA,NA,NA,NA,FALSE
"SA18-CB-10-FG6","SA18-CB-10-FG6","SA18-CB-10",NA,NA,NA,NA,NA,FALSE
"SL18-TI-2-MG5","SL18-TI-2-MG5","SL18-TI-2",NA,NA,NA,NA,NA,FALSE
"SL18-LD-2-FG5","SL18-LD-2-FG5","SL18-LD-2",NA,NA,NA,NA,NA,FALSE
"SL18-CC-9-FG6","SL18-CC-9-FG6","SL18-CC-9",NA,NA,NA,NA,NA,FALSE
"SL18-LD-3-MG6","SL18-LD-3-MG6","SL18-LD-3",NA,NA,NA,NA,NA,FALSE
"SL18-OI-15-FG4","SL18-OI-15-FG4","SL18-OI-15",NA,NA,NA,NA,NA,FALSE
"SL18-OI-5-MG4","SL18-OI-5-MG4","SL18-OI-5",NA,NA,NA,NA,NA,FALSE
"SL18-BL-13-MG3","SL18-BL-13-MG3","SL18-BL-13",NA,NA,NA,NA,NA,FALSE
"SL18-BL-16-MG3","SL18-BL-16-MG3","SL18-BL-16",NA,NA,NA,NA,NA,FALSE
"SL18-CB-7-MG3","SL18-CB-7-MG3","SL18-CB-7",NA,NA,NA,NA,NA,FALSE
"SL18-CB-10-MG3","SL18-CB-10-MG3","SL18-CB-10",NA,NA,NA,NA,NA,FALSE
"SL18-OI-4-MG2","SL18-OI-4-MG2","SL18-OI-4",NA,NA,NA,NA,NA,FALSE
"SL18-OI-7-MG2","SL18-OI-7-MG2","SL18-OI-7",NA,NA,NA,NA,NA,FALSE
"SL18-OD-10-MG1","SL18-OD-10-MG1","SL18-OD-10",NA,NA,NA,NA,NA,FALSE
"SL18-OD-10-MG2","SL18-OD-10-MG2","SL18-OD-10",NA,NA,NA,NA,NA,FALSE
"SL18-BL-11-FG2","SL18-BL-11-FG2","SL18-BL-11",NA,NA,NA,NA,NA,FALSE
"SL18-BL-12-FG1","SL18-BL-12-FG1","SL18-BL-12",NA,NA,NA,NA,NA,FALSE
"SL18-NL-5-FG3","SL18-NL-5-FG3","SL18-NL-5",NA,NA,NA,NA,NA,FALSE
"SL18-BL-11-FG3","SL18-BL-11-FG3","SL18-BL-11",NA,NA,NA,NA,NA,FALSE
"SL18-NC-12-FG1","SL18-NC-12-FG1","SL18-NC-12",NA,NA,NA,NA,NA,FALSE
"SA18-CB-10-FG1xSL18-SF-19-MG2","SA18-CB-10-FG1xSL18-SF-19-MG2","SA18-CB-10-FG1","SL18-SF-19-MG2",NA,NA,NA,NA,FALSE
"SL18-LD-10-FG1xSL18-OI-4-MG1","SL18-LD-10-FG1xSL18-OI-4-MG1","SL18-LD-10-FG1","SL18-OI-4-MG1",NA,NA,NA,NA,FALSE
"SL18-NL-6-FG1xSL18-OI-11-MG2","SL18-NL-6-FG1xSL18-OI-11-MG2","SL18-NL-6-FG1","SL18-OI-11-MG2",NA,NA,NA,NA,FALSE
"SL18-NL-6-FG1xSL18-OI-14-MG2","SL18-NL-6-FG1xSL18-OI-14-MG2","SL18-NL-6-FG1","SL18-OI-14-MG2",NA,NA,NA,NA,FALSE
"SL18-NL-6-FG1xSL18-OI-15-MG1","SL18-NL-6-FG1xSL18-OI-15-MG1","SL18-NL-6-FG1","SL18-OI-15-MG1",NA,NA,NA,NA,FALSE
"SL18-NL-6-FG1xSL18-OI-16-MG1","SL18-NL-6-FG1xSL18-OI-16-MG1","SL18-NL-6-FG1","SL18-OI-16-MG1",NA,NA,NA,NA,FALSE
"SL18-NL-6-FG1xSL18-SF-17-MG1","SL18-NL-6-FG1xSL18-SF-17-MG1","SL18-NL-6-FG1","SL18-SF-17-MG1",NA,NA,NA,NA,FALSE
"SL18-NL-6-FG1xSL18-SF-19-MG2","SL18-NL-6-FG1xSL18-SF-19-MG2","SL18-NL-6-FG1","SL18-SF-19-MG2",NA,NA,NA,NA,FALSE
"SL18-LD-10-FG2xSA18-CB-7-MG2","SL18-LD-10-FG2xSA18-CB-7-MG2","SL18-LD-10-FG2","SA18-CB-7-MG2","male",NA,NA,NA,TRUE
"SL18-LD-10-FG2xSL18-NL-3-MG2","SL18-LD-10-FG2xSL18-NL-3-MG2","SL18-LD-10-FG2","SL18-NL-3-MG2",NA,NA,NA,NA,FALSE
"SL18-NL-9-FG2xSA18-CB-7-MG1","SL18-NL-9-FG2xSA18-CB-7-MG1","SL18-NL-9-FG2","SA18-CB-7-MG1",NA,NA,NA,NA,FALSE
"SL18-NL-9-FG2xSL18-SF-19-MG1","SL18-NL-9-FG2xSL18-SF-19-MG1","SL18-NL-9-FG2","SL18-SF-19-MG1",NA,NA,NA,NA,FALSE
"SL18-OI-11-FG1xSL18-SF-15-MG2","SL18-OI-11-FG1xSL18-SF-15-MG2","SL18-OI-11-FG1","SL18-SF-15-MG2",NA,NA,NA,NA,FALSE
"SL18-OI-15-FG1xSA18-CB-2-MG3","SL18-OI-15-FG1xSA18-CB-2-MG3","SL18-OI-15-FG1","SA18-CB-2-MG3",NA,NA,NA,NA,FALSE
"SL18-OI-15-FG1xSL18-NL-5-MG1","SL18-OI-15-FG1xSL18-NL-5-MG1","SL18-OI-15-FG1","SL18-NL-5-MG1",NA,NA,NA,NA,FALSE
"SL18-OI-15-FG1xSL18-SF-15-MG1","SL18-OI-15-FG1xSL18-SF-15-MG1","SL18-OI-15-FG1","SL18-SF-15-MG1",NA,NA,NA,NA,FALSE
"SL18-OI-16-FG3xSA18-CB-4-MG3","SL18-OI-16-FG3xSA18-CB-4-MG3","SL18-OI-16-FG3","SA18-CB-4-MG3",NA,NA,NA,NA,FALSE
"SL18-OI-16-FG3xSA18-CB-5-MG3","SL18-OI-16-FG3xSA18-CB-5-MG3","SL18-OI-16-FG3","SA18-CB-5-MG3",NA,NA,NA,NA,FALSE
"SL18-LD-13-FG2xSL18-LD-13-MG2","SL18-LD-13-FG2xSL18-LD-13-MG2","SL18-LD-13-FG2","SL18-LD-13-MG2",NA,NA,NA,NA,FALSE
"SL18-OI-16-FG3xSL18-LD-3-MG2","SL18-OI-16-FG3xSL18-LD-3-MG2","SL18-OI-16-FG3","SL18-LD-3-MG2",NA,NA,NA,NA,FALSE
"SL18-OI-16-FG3xSL18-NL-6-MG1","SL18-OI-16-FG3xSL18-NL-6-MG1","SL18-OI-16-FG3","SL18-NL-6-MG1",NA,NA,NA,NA,FALSE
"SL18-OI-16-FG3xSL18-SF-17-MG2","SL18-OI-16-FG3xSL18-SF-17-MG2","SL18-OI-16-FG3","SL18-SF-17-MG2","male",NA,NA,NA,TRUE
"SL18-OI-17-FG1xSL18-SF-13-MG2","SL18-OI-17-FG1xSL18-SF-13-MG2","SL18-OI-17-FG1","SL18-SF-13-MG2","male",NA,NA,NA,TRUE
"SL18-OI-17-FG2xSL18-SF-17-MG2","SL18-OI-17-FG2xSL18-SF-17-MG2","SL18-OI-17-FG2","SL18-SF-17-MG2",NA,NA,NA,NA,FALSE
"SL18-OI-18-FG1xSL18-OI-9-MG3","SL18-OI-18-FG1xSL18-OI-9-MG3","SL18-OI-18-FG1","SL18-OI-9-MG3",NA,NA,NA,NA,FALSE
"SL18-OI-18-FG2xSA18-CB-7-MG1","SL18-OI-18-FG2xSA18-CB-7-MG1","SL18-OI-18-FG2","SA18-CB-7-MG1",NA,NA,NA,NA,FALSE
"SL18-OI-18-FG2xSL18-LD-10-MG1","SL18-OI-18-FG2xSL18-LD-10-MG1","SL18-OI-18-FG2","SL18-LD-10-MG1",NA,NA,NA,NA,FALSE
"SL18-OI-18-FG2xSL18-LD-9-MG1","SL18-OI-18-FG2xSL18-LD-9-MG1","SL18-OI-18-FG2","SL18-LD-9-MG1",NA,NA,NA,NA,FALSE
"SL18-OI-18-FG2xSL18-NL-2-MG2","SL18-OI-18-FG2xSL18-NL-2-MG2","SL18-OI-18-FG2","SL18-NL-2-MG2",NA,NA,NA,NA,FALSE
"SL18-OI-18-FG2xSL18-LD-2-MG3","SL18-OI-18-FG2xSL18-LD-2-MG3","SL18-OI-18-FG2","SL18-LD-2-MG3",NA,NA,NA,NA,FALSE
"SL18-OI-18-FG3xSL18-LL-9-MG1","SL18-OI-18-FG3xSL18-LL-9-MG1","SL18-OI-18-FG3","SL18-LL-9-MG1",NA,NA,NA,NA,FALSE
"SL18-OI-18-FG3xSL18-OI-7-MG1","SL18-OI-18-FG3xSL18-OI-7-MG1","SL18-OI-18-FG3","SL18-OI-7-MG1",NA,NA,NA,NA,FALSE
"SL18-OI-18-FG5xSA18-CB-4-MG3","SL18-OI-18-FG5xSA18-CB-4-MG3","SL18-OI-18-FG5","SA18-CB-4-MG3",NA,NA,NA,NA,FALSE
"SL18-OI-18-FG5xSL18-LD-2-MG1","SL18-OI-18-FG5xSL18-LD-2-MG1","SL18-OI-18-FG5","SL18-LD-2-MG1",NA,NA,NA,NA,FALSE
"SL18-OI-18-FG5xSL18-SF-15-MG2","SL18-OI-18-FG5xSL18-SF-15-MG2","SL18-OI-18-FG5","SL18-SF-15-MG2","male",NA,NA,NA,TRUE
"SL18-OI-18-FG6xSA18-CB-1-MG2","SL18-OI-18-FG6xSA18-CB-1-MG2","SL18-OI-18-FG6","SA18-CB-1-MG2","male",NA,NA,NA,TRUE
"SL18-OI-18-FG6xSL18-NL-6-MG1","SL18-OI-18-FG6xSL18-NL-6-MG1","SL18-OI-18-FG6","SL18-NL-6-MG1",NA,NA,NA,NA,FALSE
"SL18-OI-2-FG2xSL18-LD-1-MG2","SL18-OI-2-FG2xSL18-LD-1-MG2","SL18-OI-2-FG2","SL18-LD-1-MG2",NA,NA,NA,NA,FALSE
"SL18-LD-1-FG1xSL18-NL-2-MG2","SL18-LD-1-FG1xSL18-NL-2-MG2","SL18-LD-1-FG1","SL18-NL-2-MG2",NA,NA,NA,NA,FALSE
"SL18-OI-2-FG3xSL18-NL-9-MG1","SL18-OI-2-FG3xSL18-NL-9-MG1","SL18-OI-2-FG3","SL18-NL-9-MG1",NA,NA,NA,NA,FALSE
"SL18-OI-2-FG3xSL18-SF-17-MG1","SL18-OI-2-FG3xSL18-SF-17-MG1","SL18-OI-2-FG3","SL18-SF-17-MG1",NA,NA,NA,NA,FALSE
"SL18-OI-6-FG1xSA18-CB-2-MG1","SL18-OI-6-FG1xSA18-CB-2-MG1","SL18-OI-6-FG1","SA18-CB-2-MG1",NA,NA,NA,NA,FALSE
"SL18-OI-6-FG1xSA18-CB-4-MG1","SL18-OI-6-FG1xSA18-CB-4-MG1","SL18-OI-6-FG1","SA18-CB-4-MG1",NA,NA,NA,NA,FALSE
"SL18-OI-6-FG1xSL18-LD-13-MG2","SL18-OI-6-FG1xSL18-LD-13-MG2","SL18-OI-6-FG1","SL18-LD-13-MG2",NA,NA,NA,NA,FALSE
"SL18-OI-6-FG1xSL18-LD-2-MG1","SL18-OI-6-FG1xSL18-LD-2-MG1","SL18-OI-6-FG1","SL18-LD-2-MG1",NA,NA,NA,NA,FALSE
"SL18-OI-6-FG1xSL18-LD-5-MG1","SL18-OI-6-FG1xSL18-LD-5-MG1","SL18-OI-6-FG1","SL18-LD-5-MG1",NA,NA,NA,NA,FALSE
"SL18-LD-1-FG1xSL18-OI-18-MG1","SL18-LD-1-FG1xSL18-OI-18-MG1","SL18-LD-1-FG1","SL18-OI-18-MG1",NA,NA,NA,NA,FALSE
"SL18-OI-6-FG1xSL18-NL-9-MG1","SL18-OI-6-FG1xSL18-NL-9-MG1","SL18-OI-6-FG1","SL18-NL-9-MG1",NA,NA,NA,NA,FALSE
"SL18-OI-6-FG1xSL18-SF-15-MG1","SL18-OI-6-FG1xSL18-SF-15-MG1","SL18-OI-6-FG1","SL18-SF-15-MG1",NA,NA,NA,NA,FALSE
"SL18-OI-6-FG1xSL18-SF-19-MG1","SL18-OI-6-FG1xSL18-SF-19-MG1","SL18-OI-6-FG1","SL18-SF-19-MG1",NA,NA,NA,NA,FALSE
"SL18-OI-7-FG3xSA18-CB-2-MG3","SL18-OI-7-FG3xSA18-CB-2-MG3","SL18-OI-7-FG3","SA18-CB-2-MG3",NA,NA,NA,NA,FALSE
"SL18-OI-9-FG1xSL18-LL-9-MG2","SL18-OI-9-FG1xSL18-LL-9-MG2","SL18-OI-9-FG1","SL18-LL-9-MG2",NA,NA,NA,NA,FALSE
"SL18-SF-13-FG1xSL18-LL-9-MG3","SL18-SF-13-FG1xSL18-LL-9-MG3","SL18-SF-13-FG1","SL18-LL-9-MG3",NA,NA,NA,NA,FALSE
"SL18-LD-1-FG2xSA18-CB-4-MG3","SL18-LD-1-FG2xSA18-CB-4-MG3","SL18-LD-1-FG2","SA18-CB-4-MG3",NA,NA,NA,NA,FALSE
"SL18-SF-17-FG1xSL18-LL-9-MG1","SL18-SF-17-FG1xSL18-LL-9-MG1","SL18-SF-17-FG1","SL18-LL-9-MG1",NA,NA,NA,NA,FALSE
"SL18-SF-17-FG3xSA18-CB-10-MG1","SL18-SF-17-FG3xSA18-CB-10-MG1","SL18-SF-17-FG3","SA18-CB-10-MG1",NA,NA,NA,NA,FALSE
"SL18-SF-17-FG3xSA18-CB-3-MG3","SL18-SF-17-FG3xSA18-CB-3-MG3","SL18-SF-17-FG3","SA18-CB-3-MG3",NA,NA,NA,NA,FALSE
"SL18-SF-17-FG3xSL18-LD-2-MG1","SL18-SF-17-FG3xSL18-LD-2-MG1","SL18-SF-17-FG3","SL18-LD-2-MG1",NA,NA,NA,NA,FALSE
"SL18-SF-17-FG3xSL18-NL-10-MG2","SL18-SF-17-FG3xSL18-NL-10-MG2","SL18-SF-17-FG3","SL18-NL-10-MG2",NA,NA,NA,NA,FALSE
"SL18-SF-17-FG3xSL18-NL-2-MG3","SL18-SF-17-FG3xSL18-NL-2-MG3","SL18-SF-17-FG3","SL18-NL-2-MG3",NA,NA,NA,NA,FALSE
"SL18-SF-17-FG3xSL18-NL-9-MG1","SL18-SF-17-FG3xSL18-NL-9-MG1","SL18-SF-17-FG3","SL18-NL-9-MG1",NA,NA,NA,NA,FALSE
"SL18-SF-17-FG3xSL18-OI-7-MG1","SL18-SF-17-FG3xSL18-OI-7-MG1","SL18-SF-17-FG3","SL18-OI-7-MG1",NA,NA,NA,NA,FALSE
"SL18-SF-17-FG3xSL18-OI-9-MG3","SL18-SF-17-FG3xSL18-OI-9-MG3","SL18-SF-17-FG3","SL18-OI-9-MG3",NA,NA,NA,NA,FALSE
"SA18-CB-10-FG2xSL18-LL-9-MG1","SA18-CB-10-FG2xSL18-LL-9-MG1","SA18-CB-10-FG2","SL18-LL-9-MG1","male",NA,NA,NA,TRUE
"SL18-LD-1-FG2xSL18-SF-13-MG3","SL18-LD-1-FG2xSL18-SF-13-MG3","SL18-LD-1-FG2","SL18-SF-13-MG3",NA,NA,NA,NA,FALSE
"SL18-LD-1-FG2xSL18-SF-15-MG1","SL18-LD-1-FG2xSL18-SF-15-MG1","SL18-LD-1-FG2","SL18-SF-15-MG1",NA,NA,NA,NA,FALSE
"SL18-LD-1-FG3xSL18-NL-5-MG1","SL18-LD-1-FG3xSL18-NL-5-MG1","SL18-LD-1-FG3","SL18-NL-5-MG1",NA,NA,NA,NA,FALSE
"SL18-LD-1-FG3xSL18-OI-11-MG2","SL18-LD-1-FG3xSL18-OI-11-MG2","SL18-LD-1-FG3","SL18-OI-11-MG2",NA,NA,NA,NA,FALSE
"SL18-LD-1-FG3xSL18-OI-15-MG1","SL18-LD-1-FG3xSL18-OI-15-MG1","SL18-LD-1-FG3","SL18-OI-15-MG1",NA,NA,NA,NA,FALSE
"SL18-LD-1-FG3xSL18-OI-16-MG1","SL18-LD-1-FG3xSL18-OI-16-MG1","SL18-LD-1-FG3","SL18-OI-16-MG1",NA,NA,NA,NA,FALSE
"SL18-LD-1-FG3xSL18-OI-6-MG2","SL18-LD-1-FG3xSL18-OI-6-MG2","SL18-LD-1-FG3","SL18-OI-6-MG2",NA,NA,NA,NA,FALSE
"SL18-LD-1-FG3xSL18-OI-7-MG1","SL18-LD-1-FG3xSL18-OI-7-MG1","SL18-LD-1-FG3","SL18-OI-7-MG1",NA,NA,NA,NA,FALSE
"SL18-LD-1-FG3xSL18-OI-9-MG3","SL18-LD-1-FG3xSL18-OI-9-MG3","SL18-LD-1-FG3","SL18-OI-9-MG3",NA,NA,NA,NA,FALSE
"SA18-CB-4-FG3xSA18-CB-4-MG3","SA18-CB-4-FG3xSA18-CB-4-MG3","SA18-CB-4-FG3","SA18-CB-4-MG3",NA,NA,NA,NA,FALSE
"SL18-LD-1-FG3xSL18-NL-9-MG2","SL18-LD-1-FG3xSL18-NL-9-MG2","SL18-LD-1-FG3","SL18-NL-9-MG2",NA,NA,NA,NA,FALSE
"SL18-LD-1-FG3xSL18-OI-15-MG2","SL18-LD-1-FG3xSL18-OI-15-MG2","SL18-LD-1-FG3","SL18-OI-15-MG2",NA,NA,NA,NA,FALSE
"SL18-LD-2-FG2xSA18-CB-3-MG3","SL18-LD-2-FG2xSA18-CB-3-MG3","SL18-LD-2-FG2","SA18-CB-3-MG3","male",NA,NA,NA,TRUE
"SL18-LD-2-FG2xSL18-LL-9-MG2","SL18-LD-2-FG2xSL18-LL-9-MG2","SL18-LD-2-FG2","SL18-LL-9-MG2",NA,NA,NA,NA,FALSE
"SL18-LD-2-FG2xSL18-NL-9-MG1","SL18-LD-2-FG2xSL18-NL-9-MG1","SL18-LD-2-FG2","SL18-NL-9-MG1",NA,NA,NA,NA,FALSE
"SL18-LD-2-FG2xSL18-SF-19-MG1","SL18-LD-2-FG2xSL18-SF-19-MG1","SL18-LD-2-FG2","SL18-SF-19-MG1",NA,NA,NA,NA,FALSE
"SL18-LD-3-FG1xSL18-NL-9-MG1","SL18-LD-3-FG1xSL18-NL-9-MG1","SL18-LD-3-FG1","SL18-NL-9-MG1",NA,NA,NA,NA,FALSE
"SL18-LD-3-FG1xSL18-SF-19-MG2","SL18-LD-3-FG1xSL18-SF-19-MG2","SL18-LD-3-FG1","SL18-SF-19-MG2",NA,NA,NA,NA,FALSE
"SL18-LD-3-FG2xSA18-CB-2-MG3","SL18-LD-3-FG2xSA18-CB-2-MG3","SL18-LD-3-FG2","SA18-CB-2-MG3",NA,NA,NA,NA,FALSE
"SL18-LD-3-FG2xSL18-LL-9-MG2","SL18-LD-3-FG2xSL18-LL-9-MG2","SL18-LD-3-FG2","SL18-LL-9-MG2",NA,NA,NA,NA,FALSE
"SL18-LD-3-FG2xSL18-SF-17-MG3","SL18-LD-3-FG2xSL18-SF-17-MG3","SL18-LD-3-FG2","SL18-SF-17-MG3",NA,NA,NA,NA,FALSE
"SL18-LD-4-FG1xSA18-CB-2-MG1","SL18-LD-4-FG1xSA18-CB-2-MG1","SL18-LD-4-FG1","SA18-CB-2-MG1",NA,NA,NA,NA,FALSE
"SL18-LD-4-FG1xSL18-NL-3-MG2","SL18-LD-4-FG1xSL18-NL-3-MG2","SL18-LD-4-FG1","SL18-NL-3-MG2",NA,NA,NA,NA,FALSE
"SL18-LD-4-FG2xSL18-LL-9-MG1","SL18-LD-4-FG2xSL18-LL-9-MG1","SL18-LD-4-FG2","SL18-LL-9-MG1",NA,NA,NA,NA,FALSE
"SL18-LD-4-FG2xSL18-SF-15-MG2","SL18-LD-4-FG2xSL18-SF-15-MG2","SL18-LD-4-FG2","SL18-SF-15-MG2",NA,NA,NA,NA,FALSE
"SL18-LD-4-FG3xSL18-SF-17-MG1","SL18-LD-4-FG3xSL18-SF-17-MG1","SL18-LD-4-FG3","SL18-SF-17-MG1",NA,NA,NA,NA,FALSE
"SL18-LD-5-FG1xSA18-CB-10-MG1","SL18-LD-5-FG1xSA18-CB-10-MG1","SL18-LD-5-FG1","SA18-CB-10-MG1",NA,NA,NA,NA,FALSE
"SA18-CB-7-FG1xSL18-LL-9-MG3","SA18-CB-7-FG1xSL18-LL-9-MG3","SA18-CB-7-FG1","SL18-LL-9-MG3","male",NA,NA,NA,TRUE
"SL18-LD-9-FG2xSL18-SF-13-MG3","SL18-LD-9-FG2xSL18-SF-13-MG3","SL18-LD-9-FG2","SL18-SF-13-MG3",NA,NA,NA,NA,FALSE
"SL18-LD-9-FG3xSL18-NL-7-MG1","SL18-LD-9-FG3xSL18-NL-7-MG1","SL18-LD-9-FG3","SL18-NL-7-MG1",NA,NA,NA,NA,FALSE
"SL18-LD-9-FG3xSL18-SF-17-MG1","SL18-LD-9-FG3xSL18-SF-17-MG1","SL18-LD-9-FG3","SL18-SF-17-MG1",NA,NA,NA,NA,FALSE
"SL18-LL-9-FG3xSL18-NL-9-MG1","SL18-LL-9-FG3xSL18-NL-9-MG1","SL18-LL-9-FG3","SL18-NL-9-MG1",NA,NA,NA,NA,FALSE
"SL18-NL-10-FG1xSA18-CB-4-MG3","SL18-NL-10-FG1xSA18-CB-4-MG3","SL18-NL-10-FG1","SA18-CB-4-MG3","male",NA,NA,NA,TRUE
"SL18-NL-10-FG1xSL18-LD-2-MG1","SL18-NL-10-FG1xSL18-LD-2-MG1","SL18-NL-10-FG1","SL18-LD-2-MG1",NA,NA,NA,NA,FALSE
"SL18-LD-10-FG1xSA18-CB-1-MG2","SL18-LD-10-FG1xSA18-CB-1-MG2","SL18-LD-10-FG1","SA18-CB-1-MG2",NA,NA,NA,NA,FALSE
"SL18-NL-10-FG1xSL18-OI-15-MG1","SL18-NL-10-FG1xSL18-OI-15-MG1","SL18-NL-10-FG1","SL18-OI-15-MG1",NA,NA,NA,NA,FALSE
"SL18-NL-10-FG1xSL18-OI-7-MG1","SL18-NL-10-FG1xSL18-OI-7-MG1","SL18-NL-10-FG1","SL18-OI-7-MG1",NA,NA,NA,NA,FALSE
"SL18-NL-10-FG1xSL18-SF-13-MG1","SL18-NL-10-FG1xSL18-SF-13-MG1","SL18-NL-10-FG1","SL18-SF-13-MG1",NA,NA,NA,NA,FALSE
"SL18-NL-10-FG3xSL18-NL-3-MG2","SL18-NL-10-FG3xSL18-NL-3-MG2","SL18-NL-10-FG3","SL18-NL-3-MG2",NA,NA,NA,NA,FALSE
"SL18-NL-2-FG1xSA18-CB-1-MG2","SL18-NL-2-FG1xSA18-CB-1-MG2","SL18-NL-2-FG1","SA18-CB-1-MG2","male",NA,NA,NA,TRUE
"SL18-NL-2-FG1xSL18-LD-13-MG2","SL18-NL-2-FG1xSL18-LD-13-MG2","SL18-NL-2-FG1","SL18-LD-13-MG2",NA,NA,NA,NA,FALSE
"SL18-NL-2-FG1xSL18-SF-17-MG1","SL18-NL-2-FG1xSL18-SF-17-MG1","SL18-NL-2-FG1","SL18-SF-17-MG1",NA,NA,NA,NA,FALSE
"SL18-NL-2-FG3xSA18-CB-2-MG3","SL18-NL-2-FG3xSA18-CB-2-MG3","SL18-NL-2-FG3","SA18-CB-2-MG3",NA,NA,NA,NA,FALSE
"SL18-NL-2-FG3xSA18-CB-4-MG1","SL18-NL-2-FG3xSA18-CB-4-MG1","SL18-NL-2-FG3","SA18-CB-4-MG1","male",NA,NA,NA,TRUE
"SL18-NL-2-FG3xSL18-LD-3-MG2","SL18-NL-2-FG3xSL18-LD-3-MG2","SL18-NL-2-FG3","SL18-LD-3-MG2",NA,NA,NA,NA,FALSE
"SL18-NL-2-FG3xSL18-OI-16-MG1","SL18-NL-2-FG3xSL18-OI-16-MG1","SL18-NL-2-FG3","SL18-OI-16-MG1",NA,NA,NA,NA,FALSE
"SL18-NL-3-FG1xSA18-CB-7-MG2","SL18-NL-3-FG1xSA18-CB-7-MG2","SL18-NL-3-FG1","SA18-CB-7-MG2",NA,NA,NA,NA,FALSE
"SL18-NL-3-FG1xSL18-OI-11-MG2","SL18-NL-3-FG1xSL18-OI-11-MG2","SL18-NL-3-FG1","SL18-OI-11-MG2",NA,NA,NA,NA,FALSE
"SL18-NL-3-FG1xSL18-SF-13-MG2","SL18-NL-3-FG1xSL18-SF-13-MG2","SL18-NL-3-FG1","SL18-SF-13-MG2",NA,NA,NA,NA,FALSE
"SL18-NL-3-FG2xSL18-SF-17-MG2","SL18-NL-3-FG2xSL18-SF-17-MG2","SL18-NL-3-FG2","SL18-SF-17-MG2",NA,NA,NA,NA,FALSE
"SL18-NL-3-FG3xSA18-CB-2-MG2","SL18-NL-3-FG3xSA18-CB-2-MG2","SL18-NL-3-FG3","SA18-CB-2-MG2",NA,NA,NA,NA,FALSE
"SL18-LD-10-FG1xSL18-OI-18-MG1","SL18-LD-10-FG1xSL18-OI-18-MG1","SL18-LD-10-FG1","SL18-OI-18-MG1",NA,NA,NA,NA,FALSE
"SL18-NL-6-FG1xSA18-CB-3-MG3","SL18-NL-6-FG1xSA18-CB-3-MG3","SL18-NL-6-FG1","SA18-CB-3-MG3","male",NA,NA,NA,TRUE
"SL18-NL-6-FG1xSA18-CB-7-MG2","SL18-NL-6-FG1xSA18-CB-7-MG2","SL18-NL-6-FG1","SA18-CB-7-MG2",NA,NA,NA,NA,FALSE
"SL18-NL-6-FG1xSL18-LD-1-MG2","SL18-NL-6-FG1xSL18-LD-1-MG2","SL18-NL-6-FG1","SL18-LD-1-MG2",NA,NA,NA,NA,FALSE
"SL18-NL-6-FG1xSL18-LD-2-MG1","SL18-NL-6-FG1xSL18-LD-2-MG1","SL18-NL-6-FG1","SL18-LD-2-MG1",NA,NA,NA,NA,FALSE
"SL18-NL-6-FG1xSL18-LD-3-MG2","SL18-NL-6-FG1xSL18-LD-3-MG2","SL18-NL-6-FG1","SL18-LD-3-MG2",NA,NA,NA,NA,FALSE
"SL18-NL-6-FG1xSL18-NL-2-MG1","SL18-NL-6-FG1xSL18-NL-2-MG1","SL18-NL-6-FG1","SL18-NL-2-MG1",NA,NA,NA,NA,FALSE
"SL18-OI-11-FG3xSL18-CC-1-MG3","SL18-OI-11-FG3xSL18-CC-1-MG3","SL18-OI-11-FG3","SL18-CC-1-MG3",NA,NA,NA,NA,FALSE
"SL18-JS-16-FG3xSL18-NC-10-MG3","SL18-JS-16-FG3xSL18-NC-10-MG3","SL18-JS-16-FG3","SL18-NC-10-MG3",NA,NA,NA,NA,FALSE
"SL18-OI-5-FG5xSA18-CB-7-MG3","SL18-OI-5-FG5xSA18-CB-7-MG3","SL18-OI-5-FG5","SA18-CB-7-MG3",NA,NA,NA,NA,FALSE
"SL18-CC-1-FG2xSL18-OI-16-MG1","SL18-CC-1-FG2xSL18-OI-16-MG1","SL18-CC-1-FG2","SL18-OI-16-MG1",NA,NA,NA,NA,FALSE
"SL18-NC-11-FG1xSL18-NL-2-MG1","SL18-NC-11-FG1xSL18-NL-2-MG1","SL18-NC-11-FG1","SL18-NL-2-MG1",NA,NA,NA,NA,FALSE
"SL18-CC-5-FG2xSA18-CB-10-MG1","SL18-CC-5-FG2xSA18-CB-10-MG1","SL18-CC-5-FG2","SA18-CB-10-MG1",NA,NA,NA,NA,FALSE
"SL18-CC-5-FG3xSL18-OI-14-MG1","SL18-CC-5-FG3xSL18-OI-14-MG1","SL18-CC-5-FG3","SL18-OI-14-MG1",NA,NA,NA,NA,FALSE
"SL18-CC-11-FG3xSL18-CC-3-MG1","SL18-CC-11-FG3xSL18-CC-3-MG1","SL18-CC-11-FG3","SL18-CC-3-MG1",NA,NA,NA,NA,FALSE
"SL18-CC-11-FG3xSA18-CB-3-MG3","SL18-CC-11-FG3xSA18-CB-3-MG3","SL18-CC-11-FG3","SA18-CB-3-MG3",NA,NA,NA,NA,FALSE
"SL18-JS-16-FG1xSL18-CC-4-MG11","SL18-JS-16-FG1xSL18-CC-4-MG11","SL18-JS-16-FG1","SL18-CC-4-MG11",NA,NA,NA,NA,FALSE
"SL18-CC-11-FG3xSL18-JS-16-MG1","SL18-CC-11-FG3xSL18-JS-16-MG1","SL18-CC-11-FG3","SL18-JS-16-MG1",NA,NA,NA,NA,FALSE
"SL18-NC-12-FG2xSA18-CB-4-MG3","SL18-NC-12-FG2xSA18-CB-4-MG3","SL18-NC-12-FG2","SA18-CB-4-MG3",NA,NA,NA,NA,FALSE
"SL18-OD-5-FG1xSL18-CC-8-MG2","SL18-OD-5-FG1xSL18-CC-8-MG2","SL18-OD-5-FG1","SL18-CC-8-MG2",NA,NA,NA,NA,FALSE
"SL18-CC-1-FG3xSL18-OI-9-MG2","SL18-CC-1-FG3xSL18-OI-9-MG2","SL18-CC-1-FG3","SL18-OI-9-MG2",NA,NA,NA,NA,FALSE
"SA18-CB-9-FG1xSL18-JS-5-MG3","SA18-CB-9-FG1xSL18-JS-5-MG3","SA18-CB-9-FG1","SL18-JS-5-MG3",NA,NA,NA,NA,FALSE
"SL18-CC-5-FG1xSL18-JS-9-MG1","SL18-CC-5-FG1xSL18-JS-9-MG1","SL18-CC-5-FG1","SL18-JS-9-MG1",NA,NA,NA,NA,FALSE
"SL18-CC-12-FG3xSL18-OI-15-MG2","SL18-CC-12-FG3xSL18-OI-15-MG2","SL18-CC-12-FG3","SL18-OI-15-MG2",NA,NA,NA,NA,FALSE
"SL18-SF-17-FG2xSL18-NC-1-MG1","SL18-SF-17-FG2xSL18-NC-1-MG1","SL18-SF-17-FG2","SL18-NC-1-MG1",NA,NA,NA,NA,FALSE
"SL18-JS-5-FG1xSL18-LD-2-MG4","SL18-JS-5-FG1xSL18-LD-2-MG4","SL18-JS-5-FG1","SL18-LD-2-MG4",NA,NA,NA,NA,FALSE
"SL18-OD-5-FG3xSA18-CB-1-MG12","SL18-OD-5-FG3xSA18-CB-1-MG12","SL18-OD-5-FG3","SA18-CB-1-MG12",NA,NA,NA,NA,FALSE
"SL18-CC-5-FG3xSL18-JS-5-MG2","SL18-CC-5-FG3xSL18-JS-5-MG2","SL18-CC-5-FG3","SL18-JS-5-MG2",NA,NA,NA,NA,FALSE
"SL18-SF-13-FG1xSA18-CB-7-MG1","SL18-SF-13-FG1xSA18-CB-7-MG1","SL18-SF-13-FG1","SA18-CB-7-MG1",NA,NA,NA,NA,FALSE
"SL18-LL-9-FG6xSA18-CB-10-MG3","SL18-LL-9-FG6xSA18-CB-10-MG3","SL18-LL-9-FG6","SA18-CB-10-MG3",NA,NA,NA,NA,FALSE
"SL18-OI-15-FG2xSA18-CB-2-MG3","SL18-OI-15-FG2xSA18-CB-2-MG3","SL18-OI-15-FG2","SA18-CB-2-MG3",NA,NA,NA,NA,FALSE
"SA18-CB-2-FG3xSL18-NC-9-MG1","SA18-CB-2-FG3xSL18-NC-9-MG1","SA18-CB-2-FG3","SL18-NC-9-MG1",NA,NA,NA,NA,FALSE
"SA18-CB-5-FG4xSL18-CC-1-MG3","SA18-CB-5-FG4xSL18-CC-1-MG3","SA18-CB-5-FG4","SL18-CC-1-MG3",NA,NA,NA,NA,FALSE
"SL18-CC-3-FG1xSL18-JS-6-MG3","SL18-CC-3-FG1xSL18-JS-6-MG3","SL18-CC-3-FG1","SL18-JS-6-MG3",NA,NA,NA,NA,FALSE
"SL18-JS-16-FG1xSL18-LD-2-MG2","SL18-JS-16-FG1xSL18-LD-2-MG2","SL18-JS-16-FG1","SL18-LD-2-MG2",NA,NA,NA,NA,FALSE
"SL18-NC-10-FG1xSL18-NC-5-MG1","SL18-NC-10-FG1xSL18-NC-5-MG1","SL18-NC-10-FG1","SL18-NC-5-MG1",NA,NA,NA,NA,FALSE
"SL18-OI-17-FG4xSL18-JS-6-MG2","SL18-OI-17-FG4xSL18-JS-6-MG2","SL18-OI-17-FG4","SL18-JS-6-MG2",NA,NA,NA,NA,FALSE
"SL18-CC-1-FG2xSL18-OI-16-MG3","SL18-CC-1-FG2xSL18-OI-16-MG3","SL18-CC-1-FG2","SL18-OI-16-MG3",NA,NA,NA,NA,FALSE
"SA18-CB-2-FG3xSL18-OI-2-MG2","SA18-CB-2-FG3xSL18-OI-2-MG2","SA18-CB-2-FG3","SL18-OI-2-MG2",NA,NA,NA,NA,FALSE
"SL18-CC-5-FG3xSL18-JS-19-MG2","SL18-CC-5-FG3xSL18-JS-19-MG2","SL18-CC-5-FG3","SL18-JS-19-MG2",NA,NA,NA,NA,FALSE
"SL18-CC-3-FG2xSA18-CB-10-MG3","SL18-CC-3-FG2xSA18-CB-10-MG3","SL18-CC-3-FG2","SA18-CB-10-MG3",NA,NA,NA,NA,FALSE
"SL18-CC-1-FG1xSL18-OI-16-MG3","SL18-CC-1-FG1xSL18-OI-16-MG3","SL18-CC-1-FG1","SL18-OI-16-MG3",NA,NA,NA,NA,FALSE
"SL18-JS-16-FG3xSL18-OD-6-MG2","SL18-JS-16-FG3xSL18-OD-6-MG2","SL18-JS-16-FG3","SL18-OD-6-MG2",NA,NA,NA,NA,FALSE
"SL18-OI-4-FG2xSL18-NC-15-MG1","SL18-OI-4-FG2xSL18-NC-15-MG1","SL18-OI-4-FG2","SL18-NC-15-MG1",NA,NA,NA,NA,FALSE
"SL18-NC-12-FG2xSL18-OI-16-MG1","SL18-NC-12-FG2xSL18-OI-16-MG1","SL18-NC-12-FG2","SL18-OI-16-MG1",NA,NA,NA,NA,FALSE
"SL18-CC-8-FG2xSL18-JS-5-MG3","SL18-CC-8-FG2xSL18-JS-5-MG3","SL18-CC-8-FG2","SL18-JS-5-MG3",NA,NA,NA,NA,FALSE
"SL18-OI-4-FG2xSL18-JS-19-MG2","SL18-OI-4-FG2xSL18-JS-19-MG2","SL18-OI-4-FG2","SL18-JS-19-MG2",NA,NA,NA,NA,FALSE
"SL18-OI-6-FG2xSA18-CB-4-MG2","SL18-OI-6-FG2xSA18-CB-4-MG2","SL18-OI-6-FG2","SA18-CB-4-MG2",NA,NA,NA,NA,FALSE
"SL18-CC-3-FG1xSL18-JS-5-MG2","SL18-CC-3-FG1xSL18-JS-5-MG2","SL18-CC-3-FG1","SL18-JS-5-MG2",NA,NA,NA,NA,FALSE
"SL18-CC-3-FG2xSL18-OD-6-MG1","SL18-CC-3-FG2xSL18-OD-6-MG1","SL18-CC-3-FG2","SL18-OD-6-MG1",NA,NA,NA,NA,FALSE
"SL18-LD-13-FG2xSA18-CB-7-MG1","SL18-LD-13-FG2xSA18-CB-7-MG1","SL18-LD-13-FG2","SA18-CB-7-MG1",NA,NA,NA,NA,FALSE
"SL18-OI-6-FG2xSL18-LD-2-MG2","SL18-OI-6-FG2xSL18-LD-2-MG2","SL18-OI-6-FG2","SL18-LD-2-MG2",NA,NA,NA,NA,FALSE
"SL18-CC-12-FG3xSL18-OI-15-MG3","SL18-CC-12-FG3xSL18-OI-15-MG3","SL18-CC-12-FG3","SL18-OI-15-MG3",NA,NA,NA,NA,FALSE
"SL18-CC-11-FG3xSL18-NC-2-MG3","SL18-CC-11-FG3xSL18-NC-2-MG3","SL18-CC-11-FG3","SL18-NC-2-MG3",NA,NA,NA,NA,FALSE
"SL18-CC-12-FG2xSL18-OI-15-MG2","SL18-CC-12-FG2xSL18-OI-15-MG2","SL18-CC-12-FG2","SL18-OI-15-MG2",NA,NA,NA,NA,FALSE
"SL18-SF-17-FG2xSA18-CB-1-MG13","SL18-SF-17-FG2xSA18-CB-1-MG13","SL18-SF-17-FG2","SA18-CB-1-MG13",NA,NA,NA,NA,FALSE
"SL18-SF-17-FG2xSL18-OI-4-MG3","SL18-SF-17-FG2xSL18-OI-4-MG3","SL18-SF-17-FG2","SL18-OI-4-MG3",NA,NA,NA,NA,FALSE
"SL18-NC-10-FG3xSL18-NL-5-MG2","SL18-NC-10-FG3xSL18-NL-5-MG2","SL18-NC-10-FG3","SL18-NL-5-MG2",NA,NA,NA,NA,FALSE
"SL18-CC-8-FG2xSL18-LD-9-MG1","SL18-CC-8-FG2xSL18-LD-9-MG1","SL18-CC-8-FG2","SL18-LD-9-MG1",NA,NA,NA,NA,FALSE
"SL18-NL-3-FG3xSL18-NC-9-MG2","SL18-NL-3-FG3xSL18-NC-9-MG2","SL18-NL-3-FG3","SL18-NC-9-MG2",NA,NA,NA,NA,FALSE
"SL18-OI-6-FG3xSL18-CC-11-MG5","SL18-OI-6-FG3xSL18-CC-11-MG5","SL18-OI-6-FG3","SL18-CC-11-MG5",NA,NA,NA,NA,FALSE
"SL18-CC-8-FG1xSL18-OI-7-MG1","SL18-CC-8-FG1xSL18-OI-7-MG1","SL18-CC-8-FG1","SL18-OI-7-MG1",NA,NA,NA,NA,FALSE
"SL18-JS-5-FG1xSL18-OI-14-MG1","SL18-JS-5-FG1xSL18-OI-14-MG1","SL18-JS-5-FG1","SL18-OI-14-MG1",NA,NA,NA,NA,FALSE
"SL18-NC-10-FG1xSL18-OI-11-MG4","SL18-NC-10-FG1xSL18-OI-11-MG4","SL18-NC-10-FG1","SL18-OI-11-MG4",NA,NA,NA,NA,FALSE
"SL18-SF-17-FG2xSA18-CB-7-MG2","SL18-SF-17-FG2xSA18-CB-7-MG2","SL18-SF-17-FG2","SA18-CB-7-MG2",NA,NA,NA,NA,FALSE
"SL18-CC-9-FG3xSL18-JS-9-MG3","SL18-CC-9-FG3xSL18-JS-9-MG3","SL18-CC-9-FG3","SL18-JS-9-MG3",NA,NA,NA,NA,FALSE
"SL18-CC-5-FG2xSL18-NC-10-MG2","SL18-CC-5-FG2xSL18-NC-10-MG2","SL18-CC-5-FG2","SL18-NC-10-MG2",NA,NA,NA,NA,FALSE
"SL18-OI-11-FG3xSL18-NC-2-MG1","SL18-OI-11-FG3xSL18-NC-2-MG1","SL18-OI-11-FG3","SL18-NC-2-MG1",NA,NA,NA,NA,FALSE
"SL18-NC-9-FG2xSL18-JS-11-MG3","SL18-NC-9-FG2xSL18-JS-11-MG3","SL18-NC-9-FG2","SL18-JS-11-MG3",NA,NA,NA,NA,FALSE
"SL18-LD-9-FG4xSL18-OI-6-MG2","SL18-LD-9-FG4xSL18-OI-6-MG2","SL18-LD-9-FG4","SL18-OI-6-MG2",NA,NA,NA,NA,FALSE
"SL18-CC-3-FG2xSL18-OI-11-MG3","SL18-CC-3-FG2xSL18-OI-11-MG3","SL18-CC-3-FG2","SL18-OI-11-MG3",NA,NA,NA,NA,FALSE
"SL18-OI-9-FG4xSA18-CB-1-MG12","SL18-OI-9-FG4xSA18-CB-1-MG12","SL18-OI-9-FG4","SA18-CB-1-MG12",NA,NA,NA,NA,FALSE
"SL18-CC-3-FG2xSA18-CB-4-MG2","SL18-CC-3-FG2xSA18-CB-4-MG2","SL18-CC-3-FG2","SA18-CB-4-MG2",NA,NA,NA,NA,FALSE
"SL18-NC-5-FG2xSL18-JS-11-MG3","SL18-NC-5-FG2xSL18-JS-11-MG3","SL18-NC-5-FG2","SL18-JS-11-MG3",NA,NA,NA,NA,FALSE
"SL18-CC-8-FG1xSL18-OI-18-MG3","SL18-CC-8-FG1xSL18-OI-18-MG3","SL18-CC-8-FG1","SL18-OI-18-MG3",NA,NA,NA,NA,FALSE
"SL18-CC-6-FG3xSL18-JS-9-MG2","SL18-CC-6-FG3xSL18-JS-9-MG2","SL18-CC-6-FG3","SL18-JS-9-MG2",NA,NA,NA,NA,FALSE
"SL18-NL-7-FG4xSA18-CB-1-MG12","SL18-NL-7-FG4xSA18-CB-1-MG12","SL18-NL-7-FG4","SA18-CB-1-MG12",NA,NA,NA,NA,FALSE
"SL18-CC-1-FG1xSL18-NC-15-MG3","SL18-CC-1-FG1xSL18-NC-15-MG3","SL18-CC-1-FG1","SL18-NC-15-MG3",NA,NA,NA,NA,FALSE
"SL18-CC-1-FG1xSL18-CC-4-MG11","SL18-CC-1-FG1xSL18-CC-4-MG11","SL18-CC-1-FG1","SL18-CC-4-MG11",NA,NA,NA,NA,FALSE
"SL18-CC-5-FG2xSL18-NC-9-MG2","SL18-CC-5-FG2xSL18-NC-9-MG2","SL18-CC-5-FG2","SL18-NC-9-MG2",NA,NA,NA,NA,FALSE
"SA18-CB-9-FG1xSL18-JS-19-MG1","SA18-CB-9-FG1xSL18-JS-19-MG1","SA18-CB-9-FG1","SL18-JS-19-MG1",NA,NA,NA,NA,FALSE
"SL18-NL-3-FG1xSL18-OD-3-MG1","SL18-NL-3-FG1xSL18-OD-3-MG1","SL18-NL-3-FG1","SL18-OD-3-MG1",NA,NA,NA,NA,FALSE
"SL18-CC-5-FG3xSA18-CB-1-MG12","SL18-CC-5-FG3xSA18-CB-1-MG12","SL18-CC-5-FG3","SA18-CB-1-MG12",NA,NA,NA,NA,FALSE
"SL18-CC-8-FG2xSL18-NC-5-MG3","SL18-CC-8-FG2xSL18-NC-5-MG3","SL18-CC-8-FG2","SL18-NC-5-MG3",NA,NA,NA,NA,FALSE
"SL18-CC-6-FG3xSL18-OI-14-MG2","SL18-CC-6-FG3xSL18-OI-14-MG2","SL18-CC-6-FG3","SL18-OI-14-MG2",NA,NA,NA,NA,FALSE
"SL18-NC-12-FG2xSA18-CB-3-MG1","SL18-NC-12-FG2xSA18-CB-3-MG1","SL18-NC-12-FG2","SA18-CB-3-MG1",NA,NA,NA,NA,FALSE
"SL18-CC-3-FG3xSL18-OD-6-MG3","SL18-CC-3-FG3xSL18-OD-6-MG3","SL18-CC-3-FG3","SL18-OD-6-MG3",NA,NA,NA,NA,FALSE
"SL18-CC-6-FG2xSL18-OI-14-MG1","SL18-CC-6-FG2xSL18-OI-14-MG1","SL18-CC-6-FG2","SL18-OI-14-MG1",NA,NA,NA,NA,FALSE
"SL18-JS-19-FG3xSA18-CB-3-MG2","SL18-JS-19-FG3xSA18-CB-3-MG2","SL18-JS-19-FG3","SA18-CB-3-MG2",NA,NA,NA,NA,FALSE
"SL18-NC-12-FG2xSL18-NL-5-MG2","SL18-NC-12-FG2xSL18-NL-5-MG2","SL18-NC-12-FG2","SL18-NL-5-MG2",NA,NA,NA,NA,FALSE
"SL18-JS-5-FG1xSA18-CB-1-MG12","SL18-JS-5-FG1xSA18-CB-1-MG12","SL18-JS-5-FG1","SA18-CB-1-MG12",NA,NA,NA,NA,FALSE
"SL18-JS-16-FG3xSA18-CB-4-MG3","SL18-JS-16-FG3xSA18-CB-4-MG3","SL18-JS-16-FG3","SA18-CB-4-MG3",NA,NA,NA,NA,FALSE
"SL18-OI-4-FG2xSA18-CB-7-MG2","SL18-OI-4-FG2xSA18-CB-7-MG2","SL18-OI-4-FG2","SA18-CB-7-MG2",NA,NA,NA,NA,FALSE
"SL18-NC-1-FG1xSL18-NC-12-MG3","SL18-NC-1-FG1xSL18-NC-12-MG3","SL18-NC-1-FG1","SL18-NC-12-MG3",NA,NA,NA,NA,FALSE
"SL18-NC-15-FG3xSL18-CC-1-MG2","SL18-NC-15-FG3xSL18-CC-1-MG2","SL18-NC-15-FG3","SL18-CC-1-MG2",NA,NA,NA,NA,FALSE
"SL18-SF-17-FG2xSL18-NC-12-MG1","SL18-SF-17-FG2xSL18-NC-12-MG1","SL18-SF-17-FG2","SL18-NC-12-MG1",NA,NA,NA,NA,FALSE
"SL18-LL-9-FG2xSA18-CB-5-MG3","SL18-LL-9-FG2xSA18-CB-5-MG3","SL18-LL-9-FG2","SA18-CB-5-MG3",NA,NA,NA,NA,FALSE
"SL18-SF-17-FG2xSA18-CB-7-MG3","SL18-SF-17-FG2xSA18-CB-7-MG3","SL18-SF-17-FG2","SA18-CB-7-MG3",NA,NA,NA,NA,FALSE
"SA18-CB-4-FG6xSL18-JS-6-MG3","SA18-CB-4-FG6xSL18-JS-6-MG3","SA18-CB-4-FG6","SL18-JS-6-MG3",NA,NA,NA,NA,FALSE
"SL18-CC-3-FG1xSL18-JS-11-MG2","SL18-CC-3-FG1xSL18-JS-11-MG2","SL18-CC-3-FG1","SL18-JS-11-MG2",NA,NA,NA,NA,FALSE
"SA18-CB-5-FG6xSL18-CC-6-MG2","SA18-CB-5-FG6xSL18-CC-6-MG2","SA18-CB-5-FG6","SL18-CC-6-MG2",NA,NA,NA,NA,FALSE
"SL18-JS-19-FG3xSL18-OI-17-MG1","SL18-JS-19-FG3xSL18-OI-17-MG1","SL18-JS-19-FG3","SL18-OI-17-MG1",NA,NA,NA,NA,FALSE
"SL18-OI-17-FG4xSL18-CC-7-MG1","SL18-OI-17-FG4xSL18-CC-7-MG1","SL18-OI-17-FG4","SL18-CC-7-MG1",NA,NA,NA,NA,FALSE
"SL18-OI-17-FG1xSL18-OI-4-MG1","SL18-OI-17-FG1xSL18-OI-4-MG1","SL18-OI-17-FG1","SL18-OI-4-MG1",NA,NA,NA,NA,FALSE
"SL18-CC-6-FG2xSL18-OI-11-MG4","SL18-CC-6-FG2xSL18-OI-11-MG4","SL18-CC-6-FG2","SL18-OI-11-MG4",NA,NA,NA,NA,FALSE
"SL18-JS-9-FG3xSA18-CB-10-MG1","SL18-JS-9-FG3xSA18-CB-10-MG1","SL18-JS-9-FG3","SA18-CB-10-MG1",NA,NA,NA,NA,FALSE
"SL18-OI-6-FG3xSL18-JS-6-MG1","SL18-OI-6-FG3xSL18-JS-6-MG1","SL18-OI-6-FG3","SL18-JS-6-MG1",NA,NA,NA,NA,FALSE
"SL18-SF-13-FG2xSL18-JS-11-MG3","SL18-SF-13-FG2xSL18-JS-11-MG3","SL18-SF-13-FG2","SL18-JS-11-MG3",NA,NA,NA,NA,FALSE
"SL18-JS-19-FG3xSL18-LD-13-MG3","SL18-JS-19-FG3xSL18-LD-13-MG3","SL18-JS-19-FG3","SL18-LD-13-MG3",NA,NA,NA,NA,FALSE
"SA18-CB-2-FG3xSL18-CC-2-MG5","SA18-CB-2-FG3xSL18-CC-2-MG5","SA18-CB-2-FG3","SL18-CC-2-MG5",NA,NA,NA,NA,FALSE
"SA18-CB-9-FG1xSL18-OI-7-MG3","SA18-CB-9-FG1xSL18-OI-7-MG3","SA18-CB-9-FG1","SL18-OI-7-MG3",NA,NA,NA,NA,FALSE
"SL18-CC-3-FG1xSL18-OI-16-MG2","SL18-CC-3-FG1xSL18-OI-16-MG2","SL18-CC-3-FG1","SL18-OI-16-MG2",NA,NA,NA,NA,FALSE
"SL18-CC-8-FG1xSL18-NC-8-MG2","SL18-CC-8-FG1xSL18-NC-8-MG2","SL18-CC-8-FG1","SL18-NC-8-MG2",NA,NA,NA,NA,FALSE
"SL18-SF-13-FG2xSA18-CB-2-MG3","SL18-SF-13-FG2xSA18-CB-2-MG3","SL18-SF-13-FG2","SA18-CB-2-MG3",NA,NA,NA,NA,FALSE
"SL18-SF-13-FG2xSL18-JS-9-MG2","SL18-SF-13-FG2xSL18-JS-9-MG2","SL18-SF-13-FG2","SL18-JS-9-MG2",NA,NA,NA,NA,FALSE
"SL18-JS-19-FG2xSA18-CB-10-MG3","SL18-JS-19-FG2xSA18-CB-10-MG3","SL18-JS-19-FG2","SA18-CB-10-MG3",NA,NA,NA,NA,FALSE
"SL18-CC-6-FG1xSL18-JS-5-MG2","SL18-CC-6-FG1xSL18-JS-5-MG2","SL18-CC-6-FG1","SL18-JS-5-MG2",NA,NA,NA,NA,FALSE
"SL18-CC-12-FG2xSL18-LL-9-MG4","SL18-CC-12-FG2xSL18-LL-9-MG4","SL18-CC-12-FG2","SL18-LL-9-MG4",NA,NA,NA,NA,FALSE
"SL18-NL-3-FG1xSL18-OI-7-MG3","SL18-NL-3-FG1xSL18-OI-7-MG3","SL18-NL-3-FG1","SL18-OI-7-MG3",NA,NA,NA,NA,FALSE
"SL18-NL-5-FG1xSL18-OI-14-MG1","SL18-NL-5-FG1xSL18-OI-14-MG1","SL18-NL-5-FG1","SL18-OI-14-MG1",NA,NA,NA,NA,FALSE
"SL18-NC-8-FG1xSL18-NL-7-MG2","SL18-NC-8-FG1xSL18-NL-7-MG2","SL18-NC-8-FG1","SL18-NL-7-MG2",NA,NA,NA,NA,FALSE
"SL18-JS-5-FG2xSL18-OI-5-MG3","SL18-JS-5-FG2xSL18-OI-5-MG3","SL18-JS-5-FG2","SL18-OI-5-MG3",NA,NA,NA,NA,FALSE
"SL18-CC-10-FG4xSL18-NC-2-MG2","SL18-CC-10-FG4xSL18-NC-2-MG2","SL18-CC-10-FG4","SL18-NC-2-MG2",NA,NA,NA,NA,FALSE
"SL18-NC-5-FG3xSL18-OI-2-MG2","SL18-NC-5-FG3xSL18-OI-2-MG2","SL18-NC-5-FG3","SL18-OI-2-MG2",NA,NA,NA,NA,FALSE
"SL18-OI-16-FG2xSL18-OI-18-MG1","SL18-OI-16-FG2xSL18-OI-18-MG1","SL18-OI-16-FG2","SL18-OI-18-MG1",NA,NA,NA,NA,FALSE
"SL18-CC-1-FG2xSL18-NC-11-MG2","SL18-CC-1-FG2xSL18-NC-11-MG2","SL18-CC-1-FG2","SL18-NC-11-MG2",NA,NA,NA,NA,FALSE
"SL18-CC-12-FG3xSL18-NC-11-MG2","SL18-CC-12-FG3xSL18-NC-11-MG2","SL18-CC-12-FG3","SL18-NC-11-MG2",NA,NA,NA,NA,FALSE
"SA18-CB-7-FG1xSL18-LD-1-MG1","SA18-CB-7-FG1xSL18-LD-1-MG1","SA18-CB-7-FG1","SL18-LD-1-MG1",NA,NA,NA,NA,FALSE
"SL18-NC-10-FG3xSA18-CB-3-MG2","SL18-NC-10-FG3xSA18-CB-3-MG2","SL18-NC-10-FG3","SA18-CB-3-MG2",NA,NA,NA,NA,FALSE
"SA18-CB-5-FG1xSA18-CB-10-MG1","SA18-CB-5-FG1xSA18-CB-10-MG1","SA18-CB-5-FG1","SA18-CB-10-MG1","male",NA,NA,NA,TRUE
"SL18-UCONN-S142-MG5","SL18-UCONN-S142-MG5","SL18-OI-16-FG3xSL18-SF-17-MG2",NA,NA,NA,NA,NA,FALSE
"SL18-UCONN-S142-MG3","SL18-UCONN-S142-MG3","SL18-OI-16-FG3xSL18-SF-17-MG2",NA,NA,NA,NA,NA,FALSE
"SL18-UCONN-S142-FG4","SL18-UCONN-S142-FG4","SL18-OI-16-FG3xSL18-SF-17-MG2",NA,NA,NA,NA,NA,FALSE
"SL18-UCONN-S142-FG3","SL18-UCONN-S142-FG3","SL18-OI-16-FG3xSL18-SF-17-MG2",NA,NA,NA,NA,NA,FALSE
"SL18-UCONN-S142-MG1","SL18-UCONN-S142-MG1","SL18-OI-16-FG3xSL18-SF-17-MG2",NA,NA,NA,NA,NA,FALSE
"SL18-UCONN-S142-MG4","SL18-UCONN-S142-MG4","SL18-OI-16-FG3xSL18-SF-17-MG2",NA,NA,NA,NA,NA,FALSE
"SL18-UCONN-S142-FG1","SL18-UCONN-S142-FG1","SL18-OI-16-FG3xSL18-SF-17-MG2",NA,NA,NA,NA,NA,FALSE
"SL18-UCONN-S142-FG2","SL18-UCONN-S142-FG2","SL18-OI-16-FG3xSL18-SF-17-MG2",NA,NA,NA,NA,NA,FALSE
"SL18-UCONN-S142-MG2","SL18-UCONN-S142-MG2","SL18-OI-16-FG3xSL18-SF-17-MG2",NA,NA,NA,NA,NA,FALSE
"SL18-UCONN-S143-FG1","SL18-UCONN-S143-FG1","SL18-OI-17-FG1xSL18-SF-13-MG2",NA,NA,NA,NA,NA,FALSE
"SL18-UCONN-S143-FG2","SL18-UCONN-S143-FG2","SL18-OI-17-FG1xSL18-SF-13-MG2",NA,NA,NA,NA,NA,FALSE
"SL18-UCONN-S143-FG3","SL18-UCONN-S143-FG3","SL18-OI-17-FG1xSL18-SF-13-MG2",NA,NA,NA,NA,NA,FALSE
"SL18-UCONN-S143-MG1","SL18-UCONN-S143-MG1","SL18-OI-17-FG1xSL18-SF-13-MG2",NA,NA,NA,NA,NA,FALSE
"SL18-UCONN-S143-MG2","SL18-UCONN-S143-MG2","SL18-OI-17-FG1xSL18-SF-13-MG2",NA,NA,NA,NA,NA,FALSE
"SL18-UCONN-S143-MG3","SL18-UCONN-S143-MG3","SL18-OI-17-FG1xSL18-SF-13-MG2",NA,NA,NA,NA,NA,FALSE
"SL18-UCONN-S157-FG1","SL18-UCONN-S157-FG1","SL18-OI-18-FG5xSL18-SF-15-MG2",NA,NA,NA,NA,NA,FALSE
"SL18-UCONN-S157-FG2","SL18-UCONN-S157-FG2","SL18-OI-18-FG5xSL18-SF-15-MG2",NA,NA,NA,NA,NA,FALSE
"SL18-UCONN-S157-FG3","SL18-UCONN-S157-FG3","SL18-OI-18-FG5xSL18-SF-15-MG2",NA,NA,NA,NA,NA,FALSE
"SL18-UCONN-S157-MG1","SL18-UCONN-S157-MG1","SL18-OI-18-FG5xSL18-SF-15-MG2",NA,NA,NA,NA,NA,FALSE
"SL18-UCONN-S157-MG2","SL18-UCONN-S157-MG2","SL18-OI-18-FG5xSL18-SF-15-MG2",NA,NA,NA,NA,NA,FALSE
"SL18-UCONN-S157-MG3","SL18-UCONN-S157-MG3","SL18-OI-18-FG5xSL18-SF-15-MG2",NA,NA,NA,NA,NA,FALSE
"SL18-UCONN-S158-FG1","SL18-UCONN-S158-FG1","SL18-OI-18-FG6xSA18-CB-1-MG2",NA,NA,NA,NA,NA,FALSE
"SL18-UCONN-S158-FG2","SL18-UCONN-S158-FG2","SL18-OI-18-FG6xSA18-CB-1-MG2",NA,NA,NA,NA,NA,FALSE
"SL18-UCONN-S158-FG3","SL18-UCONN-S158-FG3","SL18-OI-18-FG6xSA18-CB-1-MG2",NA,NA,NA,NA,NA,FALSE
"SL18-UCONN-S158-MG1","SL18-UCONN-S158-MG1","SL18-OI-18-FG6xSA18-CB-1-MG2",NA,NA,NA,NA,NA,FALSE
"SL18-UCONN-S158-MG2","SL18-UCONN-S158-MG2","SL18-OI-18-FG6xSA18-CB-1-MG2",NA,NA,NA,NA,NA,FALSE
"SL18-UCONN-S158-MG3","SL18-UCONN-S158-MG3","SL18-OI-18-FG6xSA18-CB-1-MG2",NA,NA,NA,NA,NA,FALSE
"SL18-UCONN-S2-FG1","SL18-UCONN-S2-FG1","SA18-CB-10-FG2xSL18-LL-9-MG1",NA,NA,NA,NA,NA,FALSE
"SL18-UCONN-S2-FG2","SL18-UCONN-S2-FG2","SA18-CB-10-FG2xSL18-LL-9-MG1",NA,NA,NA,NA,NA,FALSE
"SL18-UCONN-S2-FG3","SL18-UCONN-S2-FG3","SA18-CB-10-FG2xSL18-LL-9-MG1",NA,NA,NA,NA,NA,FALSE
"SL18-UCONN-S2-MG1","SL18-UCONN-S2-MG1","SA18-CB-10-FG2xSL18-LL-9-MG1",NA,NA,NA,NA,NA,FALSE
"SL18-UCONN-S2-MG2","SL18-UCONN-S2-MG2","SA18-CB-10-FG2xSL18-LL-9-MG1",NA,NA,NA,NA,NA,FALSE
"SL18-UCONN-S2-MG3","SL18-UCONN-S2-MG3","SA18-CB-10-FG2xSL18-LL-9-MG1",NA,NA,NA,NA,NA,FALSE
"SL18-UCONN-S32-FG1","SL18-UCONN-S32-FG1","SL18-LD-2-FG2xSA18-CB-3-MG3",NA,NA,NA,NA,NA,FALSE
"SL18-UCONN-S32-FG2","SL18-UCONN-S32-FG2","SL18-LD-2-FG2xSA18-CB-3-MG3",NA,NA,NA,NA,NA,FALSE
"SL18-UCONN-S32-FG3","SL18-UCONN-S32-FG3","SL18-LD-2-FG2xSA18-CB-3-MG3",NA,NA,NA,NA,NA,FALSE
"SL18-UCONN-S32-MG1","SL18-UCONN-S32-MG1","SL18-LD-2-FG2xSA18-CB-3-MG3",NA,NA,NA,NA,NA,FALSE
"SL18-UCONN-S32-MG2","SL18-UCONN-S32-MG2","SL18-LD-2-FG2xSA18-CB-3-MG3",NA,NA,NA,NA,NA,FALSE
"SL18-UCONN-S32-MG3","SL18-UCONN-S32-MG3","SL18-LD-2-FG2xSA18-CB-3-MG3",NA,NA,NA,NA,NA,FALSE
"SL18-UCONN-S4-FG1","SL18-UCONN-S4-FG1","SA18-CB-5-FG1xSA18-CB-10-MG1",NA,NA,NA,NA,NA,FALSE
"SL18-UCONN-S4-FG2","SL18-UCONN-S4-FG2","SA18-CB-5-FG1xSA18-CB-10-MG1",NA,NA,NA,NA,NA,FALSE
"SL18-UCONN-S4-FG3","SL18-UCONN-S4-FG3","SA18-CB-5-FG1xSA18-CB-10-MG1",NA,NA,NA,NA,NA,FALSE
"SL18-UCONN-S4-MG1","SL18-UCONN-S4-MG1","SA18-CB-5-FG1xSA18-CB-10-MG1",NA,NA,NA,NA,NA,FALSE
"SL18-UCONN-S4-MG2","SL18-UCONN-S4-MG2","SA18-CB-5-FG1xSA18-CB-10-MG1",NA,NA,NA,NA,NA,FALSE
"SL18-UCONN-S4-MG3","SL18-UCONN-S4-MG3","SA18-CB-5-FG1xSA18-CB-10-MG1",NA,NA,NA,NA,NA,FALSE
"SL18-UCONN-S57-FG1","SL18-UCONN-S57-FG1","SL18-NL-10-FG1xSA18-CB-4-MG3",NA,NA,NA,NA,NA,FALSE
"SL18-UCONN-S57-FG2","SL18-UCONN-S57-FG2","SL18-NL-10-FG1xSA18-CB-4-MG3",NA,NA,NA,NA,NA,FALSE
"SL18-UCONN-S57-FG3","SL18-UCONN-S57-FG3","SL18-NL-10-FG1xSA18-CB-4-MG3",NA,NA,NA,NA,NA,FALSE
"SL18-UCONN-S57-MG1","SL18-UCONN-S57-MG1","SL18-NL-10-FG1xSA18-CB-4-MG3",NA,NA,NA,NA,NA,FALSE
"SL18-UCONN-S57-MG2","SL18-UCONN-S57-MG2","SL18-NL-10-FG1xSA18-CB-4-MG3",NA,NA,NA,NA,NA,FALSE
"SL18-UCONN-S57-MG3","SL18-UCONN-S57-MG3","SL18-NL-10-FG1xSA18-CB-4-MG3",NA,NA,NA,NA,NA,FALSE
"SL18-UCONN-S5-FG1","SL18-UCONN-S5-FG1","SA18-CB-7-FG1xSL18-LL-9-MG3",NA,NA,NA,NA,NA,FALSE
"SL18-UCONN-S5-FG2","SL18-UCONN-S5-FG2","SA18-CB-7-FG1xSL18-LL-9-MG3",NA,NA,NA,NA,NA,FALSE
"SL18-UCONN-S5-FG3","SL18-UCONN-S5-FG3","SA18-CB-7-FG1xSL18-LL-9-MG3",NA,NA,NA,NA,NA,FALSE
"SL18-UCONN-S5-MG1","SL18-UCONN-S5-MG1","SA18-CB-7-FG1xSL18-LL-9-MG3",NA,NA,NA,NA,NA,FALSE
"SL18-UCONN-S5-MG2","SL18-UCONN-S5-MG2","SA18-CB-7-FG1xSL18-LL-9-MG3",NA,NA,NA,NA,NA,FALSE
"SL18-UCONN-S5-MG3","SL18-UCONN-S5-MG3","SA18-CB-7-FG1xSL18-LL-9-MG3",NA,NA,NA,NA,NA,FALSE
"SL18-UCONN-S73-FG1","SL18-UCONN-S73-FG1","SL18-NL-2-FG1xSA18-CB-1-MG2",NA,NA,NA,NA,NA,FALSE
"SL18-UCONN-S73-FG2","SL18-UCONN-S73-FG2","SL18-NL-2-FG1xSA18-CB-1-MG2",NA,NA,NA,NA,NA,FALSE
"SL18-UCONN-S73-FG3","SL18-UCONN-S73-FG3","SL18-NL-2-FG1xSA18-CB-1-MG2",NA,NA,NA,NA,NA,FALSE
"SL18-UCONN-S73-MG1","SL18-UCONN-S73-MG1","SL18-NL-2-FG1xSA18-CB-1-MG2",NA,NA,NA,NA,NA,FALSE
"SL18-UCONN-S73-MG2","SL18-UCONN-S73-MG2","SL18-NL-2-FG1xSA18-CB-1-MG2",NA,NA,NA,NA,NA,FALSE
"SL18-UCONN-S73-MG3","SL18-UCONN-S73-MG3","SL18-NL-2-FG1xSA18-CB-1-MG2",NA,NA,NA,NA,NA,FALSE
"SL18-UCONN-S78-FG1","SL18-UCONN-S78-FG1","SL18-NL-2-FG3xSA18-CB-4-MG1",NA,NA,NA,NA,NA,FALSE
"SL18-UCONN-S78-FG2","SL18-UCONN-S78-FG2","SL18-NL-2-FG3xSA18-CB-4-MG1",NA,NA,NA,NA,NA,FALSE
"SL18-UCONN-S78-FG3","SL18-UCONN-S78-FG3","SL18-NL-2-FG3xSA18-CB-4-MG1",NA,NA,NA,NA,NA,FALSE
"SL18-UCONN-S78-MG1","SL18-UCONN-S78-MG1","SL18-NL-2-FG3xSA18-CB-4-MG1",NA,NA,NA,NA,NA,FALSE
"SL18-UCONN-S78-MG2","SL18-UCONN-S78-MG2","SL18-NL-2-FG3xSA18-CB-4-MG1",NA,NA,NA,NA,NA,FALSE
"SL18-UCONN-S78-MG3","SL18-UCONN-S78-MG3","SL18-NL-2-FG3xSA18-CB-4-MG1",NA,NA,NA,NA,NA,FALSE
"SL18-UCONN-S94-FG1","SL18-UCONN-S94-FG1","SL18-NL-6-FG1xSA18-CB-3-MG3",NA,NA,NA,NA,NA,FALSE
"SL18-UCONN-S94-FG2","SL18-UCONN-S94-FG2","SL18-NL-6-FG1xSA18-CB-3-MG3",NA,NA,NA,NA,NA,FALSE
"SL18-UCONN-S94-FG3","SL18-UCONN-S94-FG3","SL18-NL-6-FG1xSA18-CB-3-MG3",NA,NA,NA,NA,NA,FALSE
"SL18-UCONN-S94-MG1","SL18-UCONN-S94-MG1","SL18-NL-6-FG1xSA18-CB-3-MG3",NA,NA,NA,NA,NA,FALSE
"SL18-UCONN-S94-MG2","SL18-UCONN-S94-MG2","SL18-NL-6-FG1xSA18-CB-3-MG3",NA,NA,NA,NA,NA,FALSE
"SL18-UCONN-S94-MG3","SL18-UCONN-S94-MG3","SL18-NL-6-FG1xSA18-CB-3-MG3",NA,NA,NA,NA,NA,FALSE
"SL18-UCONN-S11-FG1","SL18-UCONN-S11-FG1","SL18-LD-10-FG2xSA18-CB-7-MG2",NA,NA,NA,NA,NA,FALSE
"SL18-UCONN-S11-FG2","SL18-UCONN-S11-FG2","SL18-LD-10-FG2xSA18-CB-7-MG2",NA,NA,NA,NA,NA,FALSE
"SL18-UCONN-S11-FG3","SL18-UCONN-S11-FG3","SL18-LD-10-FG2xSA18-CB-7-MG2",NA,NA,NA,NA,NA,FALSE
