"","crossID","Order_1","Year","plotNo","Region","plotNo_Numeric","date","GrowDays","Paint2Plant","femaPar","femaParLoc","malePar","maleParLoc","Crosses","CrossLoc","PlantingDens","development","line","position","block","PhotoScore","wetWgtPlot","lengthPlot","wetWgtPerM","percDryWgt","dryWgtPerM","AshFreedryWgtPerM","Ash.Free..","densityBlades","Carbon..Celignis.","Hydrogen..Celignis.","Nitrogen..Celignis.","Sulphur..Celignis.","Oxygen..Celignis.","Ash..Celignis.","Ash..WHOI.","Moisture","HHV","LHV","Total.Sugars","Mannuronic","Guluronic","Glucuronic","Mannitol","Fucose","Glucan","Xylan","Mannan","Galactan","B11","Na23","Mg26","Al27","P31","S34","K39","Ca44","Fe54","Mn55","Co59","Ni60","Cu63","Zn66","As75","Se78","Rb85","Sr88","Mo98","Cd111","C..UCONN.","N..UCONN.","C.N..UCONN.","Ash","C_N1","C_N_Combine","AshFDwPM","popChk","withinLoc","isSelf"
"490","SL18-UCONN-S1",1,"2019","2019_1","GOM","1","5_30_2019","122",NA,"SA18-CB-10-FG1","CB","SL18-SF-19-MG2","SF","SA18-CB-10-FG1xSL18-SF-19-MG2","CB X SF",3,4,"2",37,"7",3,7.25,0.88,8.238636364,5.73,0.42,0.221746384,52.796758,500,NA,NA,NA,NA,NA,47.2,NA,9.78,NA,NA,27.73,10.16,7.12,0.63,1.17,0.64,6.44,0.27,0.44,0.83,159.3385914,28510.77167,12098.84148,84.05433198,3066.080315,9180.332913,111336.9235,10797.77807,256.4757772,7.012132219,0.102284564,0.289075599,1.171213856,77.84687378,45.4625243,0.057756147,36.46704403,880.3348787,0.225307069,1.080750312,22.79,1.75,13.02,47.2,NA,13.02,0.249255000011002,"ES","0","0"
"475","SL18-UCONN-S10",10,"2019","2019_10","GOM","10","5_31_2019","122",NA,"SL18-LD-10-FG1","LD","SL18-OI-4-MG1","OI","SL18-LD-10-FG1xSL18-OI-4-MG1","LD X OI",2,1,"3",53,"9",3,2.58,0.95,2.715789474,8.99,0.23,0.127492931,55.431709,200,NA,NA,NA,NA,NA,44.57,NA,9.19,NA,NA,NA,NA,NA,NA,NA,NA,NA,NA,NA,NA,160.4086047,31339.07144,12276.36621,238.1470225,3828.864342,13436.65755,105022.4932,12737.3618,464.607126,14.26393567,0.309230716,0.637514891,2.369981192,46.82416107,35.78920615,0.108733462,20.63380226,813.9121864,0.379772705,1.265205655,24.62,1.99,12.37,44.57,NA,12.37,0.135332053278894,"ES","0","0"
"357","SL18-UCONN-S100",99,"2019","2019_100","GOM","100","5_31_2019","122",NA,"SL18-NL-6-FG1","NL","SL18-OI-11-MG2","OI","SL18-NL-6-FG1xSL18-OI-11-MG2","NL X OI",3,4,"4",47,"8",2,1.05,0.94,1.117021277,10.16,0.11,NA,NA,NA,NA,NA,NA,NA,NA,NA,NA,NA,NA,NA,NA,NA,NA,NA,NA,NA,NA,NA,NA,NA,NA,NA,NA,NA,NA,NA,NA,NA,NA,NA,NA,NA,NA,NA,NA,NA,NA,NA,NA,NA,NA,NA,NA,NA,NA,NA,NA,"ES","0","0"
"497","SL18-UCONN-S101",100,"2019","2019_101","GOM","101","5_30_2019","122",NA,"SL18-NL-6-FG1","NL","SL18-OI-14-MG2","OI","SL18-NL-6-FG1xSL18-OI-14-MG2","NL X OI",3,4,"1",8,"2",3,5.18,0.9,5.755555556,9.18,0.48,0.251936693,52.486811,340,NA,NA,NA,NA,NA,47.51,NA,8.16,NA,NA,27.54,8.67,6.3,0.73,3.88,0.9,5.75,0.16,0.37,0.79,162.994973,25287.9321,10156.39765,87.24311816,3760.15818,9780.459206,120216.4393,9961.541492,183.6631099,5.53841383,0.107532881,0.24092161,0.89191913,94.64244992,39.54398503,0.067650145,35.70092759,735.8573278,0.182721202,1.203953217,24.81,1.84,13.48,47.51,NA,13.48,0.277336164021416,"ES","0","0"
"509","SL18-UCONN-S102",101,"2019","2019_102","GOM","102","5_30_2019","122",NA,"SL18-NL-6-FG1","NL","SL18-OI-15-MG1","OI","SL18-NL-6-FG1xSL18-OI-15-MG1","NL X OI",3,4,"1",54,"9",3,5.24,0.94,5.574468085,9,0.47,0.231032951,49.155947,660,NA,NA,NA,NA,NA,50.84,NA,8.05,NA,NA,NA,NA,NA,NA,NA,NA,NA,NA,NA,NA,161.3968791,28300.95442,9926.200657,153.8685637,5177.034777,12333.30175,190311.0939,11648.59774,218.2988433,10.37251484,0.41990205,0.307481668,3.537452032,47.88934356,40.78155896,0.142309034,38.39007825,736.6222538,0.198106747,1.064622752,26.74,2.06,12.98,50.84,NA,12.98,0.24663676595274,"ES","0","0"
"484","SL18-UCONN-S103",102,"2019","2019_103","GOM","103","5_30_2019","122",NA,"SL18-NL-6-FG1","NL","SL18-OI-16-MG1","OI","SL18-NL-6-FG1xSL18-OI-16-MG1","NL X OI",3,4,"1",26,"5",3,3.61,0.86,4.197674419,9.49,0.34,0.184984259,54.407135,560,NA,NA,NA,NA,NA,45.59,NA,9.22,NA,NA,NA,NA,NA,NA,NA,NA,NA,NA,NA,NA,173.1745372,31081.95157,9476.980092,91.96190457,5322.050535,11398.918,147710.9024,10190.76769,203.4577377,7.665229261,0.140988351,0.25029319,1.416201404,37.5462766,48.20713074,0.135680508,32.9966856,625.7089424,0.219357968,1.151595019,24.65,2.11,11.68,45.59,NA,11.68,0.216747296415763,"ES","0","0"
"503","SL18-UCONN-S104",103,"2019","2019_104","GOM","104","5_30_2019","122",NA,"SL18-NL-6-FG1","NL","SL18-SF-17-MG1","SF","SL18-NL-6-FG1xSL18-SF-17-MG1","NL X SF",3,4,"1",30,"5",3,4.4,0.78,5.641025641,9.43,0.41,0.211497824,51.584835,240,NA,NA,NA,NA,NA,48.42,NA,8.27,NA,NA,NA,NA,NA,NA,NA,NA,NA,NA,NA,NA,247.7774186,30117.16774,9668.20018,49.80813691,4536.051383,10416.20676,139975.6025,9538.121509,131.2491898,6.505668317,0.10892252,0.347483861,1.05083701,32.58857564,50.29297602,0.144167913,24.20282223,594.6450304,0.206863903,1.318891433,22.16,1.74,12.74,48.42,NA,12.74,0.274379148716702,"ES","0","0"
"531","SL18-UCONN-S105",104,"2019","2019_105","GOM","105","5_30_2019","122",NA,"SL18-NL-6-FG1","NL","SL18-SF-19-MG2","SF","SL18-NL-6-FG1xSL18-SF-19-MG2","NL X SF",3,4,"1",3,"1",3,4.75,0.95,5,5.59,0.27,NA,NA,620,NA,NA,NA,NA,NA,NA,NA,NA,NA,NA,NA,NA,NA,NA,NA,NA,NA,NA,NA,NA,NA,NA,NA,NA,NA,NA,NA,NA,NA,NA,NA,NA,NA,NA,NA,NA,NA,NA,NA,NA,NA,NA,NA,NA,NA,NA,NA,"ES","0","0"
"512","SL18-UCONN-S11",11,"2019","2019_11","GOM","11","5_30_2019","122",NA,"SL18-LD-10-FG2","LD","SA18-CB-7-MG2","CB","SL18-LD-10-FG2xSA18-CB-7-MG2","LD X CB",1,4,"2",36,"6",3,4.7,0.98,4.795918367,8.16,0.38,0.184970468,48.676439,380,NA,NA,NA,NA,NA,51.32,NA,8.59,NA,NA,NA,NA,NA,NA,NA,NA,NA,NA,NA,NA,339.0483687,25103.23134,13000.62336,96.15739235,4520.504037,12783.5973,144771.2556,12153.11165,156.7807909,8.273839254,0.170543739,0.442849856,1.86858827,22.19889129,54.91871698,0.098487592,24.16058044,726.3573769,0.230899487,0.82526862,21.92,1.7,12.89,51.32,NA,12.89,0.190507689782137,"ES","0","0"
"532","SL18-UCONN-S12",12,"2019","2019_12","GOM","12","5_29_2019","122",NA,"SL18-LD-10-FG2","LD","SL18-NL-3-MG2","NL","SL18-LD-10-FG2xSL18-NL-3-MG2","LD X NL",2,1,"2",1,"1",3,0.96,0.79,1.215189873,11.74,0.11,NA,NA,260,NA,NA,NA,NA,NA,NA,NA,NA,NA,NA,NA,NA,NA,NA,NA,NA,NA,NA,NA,NA,NA,NA,NA,NA,NA,NA,NA,NA,NA,NA,NA,NA,NA,NA,NA,NA,NA,NA,NA,NA,NA,NA,NA,NA,NA,NA,NA,"ES","0","0"
"533","SL18-UCONN-S120",119,"2019","2019_120","GOM","120","5_31_2019","122",NA,"SL18-NL-9-FG2","NL","SA18-CB-7-MG1","CB","SL18-NL-9-FG2xSA18-CB-7-MG1","NL X CB",2,4,"4",36,"6",3,5.4,0.96,5.625,4.07,0.22,NA,NA,380,NA,NA,NA,NA,NA,NA,NA,NA,NA,NA,NA,NA,NA,NA,NA,NA,NA,NA,NA,NA,NA,NA,NA,NA,NA,NA,NA,NA,NA,NA,NA,NA,NA,NA,NA,NA,NA,NA,NA,NA,NA,NA,NA,NA,NA,NA,NA,"ES","0","0"
"534","SL18-UCONN-S121",120,"2019","2019_121","GOM","121","5_30_2019","122",NA,"SL18-NL-9-FG2","NL","SL18-SF-19-MG1","SF","SL18-NL-9-FG2xSL18-SF-19-MG1","NL X SF",2,4,"3",22,"4",3,3,0.84,3.571428571,9.25,0.28,NA,NA,580,NA,NA,NA,NA,NA,NA,NA,NA,NA,NA,NA,NA,NA,NA,NA,NA,NA,NA,NA,NA,NA,NA,NA,NA,NA,NA,NA,NA,NA,NA,NA,NA,NA,NA,NA,NA,NA,NA,NA,NA,NA,NA,NA,NA,NA,NA,NA,"ES","0","0"
"535","SL18-UCONN-S124",123,"2019","2019_124","GOM","124","5_29_2019","122",NA,"SL18-OI-11-FG1","OI","SL18-SF-15-MG2","SF","SL18-OI-11-FG1xSL18-SF-15-MG2","OI X SF",2,4,"2",24,"4",3,4.17,0.96,4.34375,5.43,0.23,NA,NA,320,NA,NA,NA,NA,NA,NA,NA,NA,NA,NA,NA,NA,NA,NA,NA,NA,NA,NA,NA,NA,NA,NA,NA,NA,NA,NA,NA,NA,NA,NA,NA,NA,NA,NA,NA,NA,NA,NA,NA,NA,NA,NA,NA,NA,NA,NA,NA,"ES","0","0"
"487","SL18-UCONN-S125",124,"2019","2019_125","GOM","125","5_29_2019","122",NA,"SL18-OI-15-FG1","OI","SA18-CB-2-MG3","CB","SL18-OI-15-FG1xSA18-CB-2-MG3","OI X CB",1,4,"2",11,"2",3,3.76,0.67,5.611940299,9.93,0.37,0.197312016,53.327572,NA,NA,NA,NA,NA,NA,46.67,NA,7.93,NA,NA,NA,NA,NA,NA,NA,NA,NA,NA,NA,NA,296.5876407,21791.32245,8471.380675,64.0906054,3642.655906,9936.994788,155520.7031,8602.460882,124.4047446,8.120756961,0.100560484,0.614537513,1.294384301,39.03754588,52.82057712,0.13543014,31.98612824,505.4333962,0.217706032,0.421290935,25.86,1.62,15.96,46.67,NA,15.96,0.29718978271265,"ES","0","0"
"536","SL18-UCONN-S127",126,"2019","2019_127","GOM","127","5_30_2019","122",NA,"SL18-OI-15-FG1","OI","SL18-NL-5-MG1","NL","SL18-OI-15-FG1xSL18-NL-5-MG1","OI X NL",1,4,"1",47,"8",3,1,0.74,1.351351351,9.31,0.09,NA,NA,200,NA,NA,NA,NA,NA,NA,NA,NA,NA,NA,NA,NA,NA,NA,NA,NA,NA,NA,NA,NA,NA,NA,NA,NA,NA,NA,NA,NA,NA,NA,NA,NA,NA,NA,NA,NA,NA,NA,NA,NA,NA,NA,NA,NA,NA,NA,NA,"ES","0","0"
"477","SL18-UCONN-S128",127,"2019","2019_128","GOM","128","5_30_2019","122",NA,"SL18-OI-15-FG1","OI","SL18-SF-15-MG1","SF","SL18-OI-15-FG1xSL18-SF-15-MG1","OI X SF",3,4,"1",46,"8",3,4.42,0.92,4.804347826,9.21,0.41,0.226719619,55.297468,340,NA,NA,NA,NA,NA,44.7,NA,8.71,NA,NA,31.07,9.69,7.35,1.08,4.99,0.75,5.8,0.19,0.38,0.83,126.7121011,30621.32754,11957.06189,100.4073239,3174.113675,9950.665047,93049.88893,10154.76687,327.6536883,7.380797527,0.088329306,0.222105523,0.888003496,48.02954872,39.46143455,0.054463728,29.29509906,836.9164552,0.245499268,0.748094298,25.67,2.07,12.4,44.7,NA,12.4,0.244691680430354,"ES","0","0"
"498","SL18-UCONN-S136",135,"2019","2019_136","GOM","136","5_30_2019","122",NA,"SL18-OI-16-FG3","OI","SA18-CB-4-MG3","CB","SL18-OI-16-FG3xSA18-CB-4-MG3","OI X CB",2,4,"3",10,"2",3,4.84,0.81,5.975308642,8.75,0.42,0.220041452,52.390822,480,NA,NA,NA,NA,NA,47.61,NA,8.86,NA,NA,30.29,11.04,6.91,0.84,3.51,0.68,5.97,0.19,0.35,0.79,116.4562892,36719.85254,12740.39342,92.01113754,2392.182747,9220.222761,106971.6042,9454.814339,315.555359,6.817665663,0.111102149,0.602914997,1.06995773,76.4455473,30.32140055,0.038417784,27.12871251,817.8128509,0.247233165,2.139032563,22.13,1.71,12.94,47.61,NA,12.94,0.273915617285083,"ES","0","0"
"358","SL18-UCONN-S137",136,"2019","2019_137","GOM","137","5_30_2019","122",NA,"SL18-OI-16-FG3","OI","SA18-CB-5-MG3","CB","SL18-OI-16-FG3xSA18-CB-5-MG3","OI X CB",1,4,"1",50,"9",2,0.55,0.92,0.597826087,12.34,0.07,NA,NA,140,NA,NA,NA,NA,NA,NA,NA,NA,NA,NA,NA,NA,NA,NA,NA,NA,NA,NA,NA,NA,NA,NA,NA,NA,NA,NA,NA,NA,NA,NA,NA,NA,NA,NA,NA,NA,NA,NA,NA,NA,NA,NA,NA,NA,NA,NA,NA,"ES","0","0"
"496","SL18-UCONN-S14",14,"2019","2019_14","GOM","14","5_30_2019","122",NA,"SL18-LD-13-FG2","LD","SL18-LD-13-MG2","LD","SL18-LD-13-FG2xSL18-LD-13-MG2","LD X LD",3,4,"1",27,"5",3,3.27,0.93,3.516129032,9.17,0.3,0.157776276,52.592092,420,NA,NA,NA,NA,NA,47.41,NA,8.46,NA,NA,NA,NA,NA,NA,NA,NA,NA,NA,NA,NA,223.0560831,29916.41361,9679.298101,118.3201274,3142.961194,10574.32807,178563.1727,10867.04348,272.8592469,7.998912202,0.180194003,0.461934385,1.540735119,74.29583632,31.46936481,0.151305777,37.42159565,701.4909173,0.255161832,0.697319207,22.15,1.65,13.42,47.41,NA,13.42,0.169565428052071,"ES","1","1"
"537","SL18-UCONN-S140",139,"2019","2019_140","GOM","140","5_30_2019","122",NA,"SL18-OI-16-FG3","OI","SL18-LD-3-MG2","LD","SL18-OI-16-FG3xSL18-LD-3-MG2","OI X LD",1,1,"1",16,"3",3,2.27,0.96,2.364583333,8.17,0.19,NA,NA,200,NA,NA,NA,NA,NA,NA,NA,NA,NA,NA,NA,NA,NA,NA,NA,NA,NA,NA,NA,NA,NA,NA,NA,NA,NA,NA,NA,NA,NA,NA,NA,NA,NA,NA,NA,NA,NA,NA,NA,NA,NA,NA,NA,NA,NA,NA,NA,"ES","0","0"
"538","SL18-UCONN-S141",140,"2019","2019_141","GOM","141","5_31_2019","122",NA,"SL18-OI-16-FG3","OI","SL18-NL-6-MG1","NL","SL18-OI-16-FG3xSL18-NL-6-MG1","OI X NL",1,1,"3",47,"8",3,2.29,0.93,2.462365591,9.33,0.21,NA,NA,140,NA,NA,NA,NA,NA,NA,NA,NA,NA,NA,NA,NA,NA,NA,NA,NA,NA,NA,NA,NA,NA,NA,NA,NA,NA,NA,NA,NA,NA,NA,NA,NA,NA,NA,NA,NA,NA,NA,NA,NA,NA,NA,NA,NA,NA,NA,NA,"ES","0","0"
"450","SL18-UCONN-S142",141,"2019","2019_142","GOM","142","5_30_2019","122",NA,"SL18-OI-16-FG3","OI","SL18-SF-17-MG2","SF","SL18-OI-16-FG3xSL18-SF-17-MG2","OI X SF",3,4,"1",11,"2",3,3.8,0.76,5,9.06,0.34,0.199415654,58.651663,620,NA,NA,NA,NA,NA,41.35,NA,9.37,NA,NA,NA,NA,NA,NA,NA,NA,NA,NA,NA,NA,184.4746331,45776.41001,12824.59545,307.3379905,5636.293505,13628.26895,247779.2057,12925.92602,632.7896676,19.91399197,0.254914099,0.599568107,1.779877066,30.77648227,52.95830688,0.168488773,53.86723202,757.9348719,0.252013179,1.079361248,26.81,2.06,13.01,41.35,NA,13.01,0.2656845,"ES","0","0"
"500","SL18-UCONN-S143",142,"2019","2019_143","GOM","143","5_29_2019","122",NA,"SL18-OI-17-FG1","OI","SL18-SF-13-MG2","SF","SL18-OI-17-FG1xSL18-SF-13-MG2","OI X SF",3,4,"2",15,"3",3,5.39,0.84,6.416666667,8,0.43,0.223800182,52.046554,440,NA,NA,NA,NA,NA,47.95,NA,8.74,NA,NA,31.39,12.6,7.67,1.03,1.43,0.95,5.95,0.42,0.44,0.89,187.4491277,22575.56197,10154.49947,86.35863364,3285.651277,10265.90028,126368.62,10006.8613,224.1227322,8.672770547,0.112084992,0.245411899,0.929309312,44.41985796,43.16658749,0.050163094,35.02467795,848.2188823,0.200228359,1.160610021,26.77,2.11,12.69,47.95,NA,12.69,0.26719000001388,"ES","0","0"
"359","SL18-UCONN-S145",143,"2019","2019_145","GOM","145","5_30_2019","122",NA,"SL18-OI-17-FG2","OI","SL18-SF-17-MG2","SF","SL18-OI-17-FG2xSL18-SF-17-MG2","OI X SF",1,1,"1",12,"2",2,0.5,0.77,0.649350649,8.31,0.04,NA,NA,40,NA,NA,NA,NA,NA,NA,42.26,NA,NA,NA,NA,NA,NA,NA,NA,NA,NA,NA,NA,NA,NA,NA,NA,NA,NA,NA,NA,NA,NA,NA,NA,NA,NA,NA,NA,NA,NA,NA,NA,NA,NA,NA,NA,42.26,NA,NA,0.0311571038792791,"ES","0","0"
"495","SL18-UCONN-S146",144,"2019","2019_146","GOM","146","5_30_2019","122",NA,"SL18-OI-18-FG1","OI","SL18-OI-9-MG3","OI","SL18-OI-18-FG1xSL18-OI-9-MG3","OI X OI",3,4,"1",4,"1",3,3.93,0.94,4.180851064,8.07,0.32,0.168294739,52.592106,300,NA,NA,NA,NA,NA,47.41,42.7,8.32,NA,NA,NA,NA,NA,NA,NA,NA,NA,NA,NA,NA,223.8849326,21864.85528,8335.831169,63.49867664,4260.251728,9786.385933,188650.1678,9815.113838,174.1539941,8.258501041,0.129791932,0.418865587,1.200652398,31.0603856,43.41515279,0.14162775,39.39015887,610.6374064,0.182963649,0.829404954,26.28,1.95,13.48,45.055,NA,13.48,0.185381507401164,"ES","1","0"
"456","SL18-UCONN-S147",145,"2019","2019_147","GOM","147","5_30_2019","122",NA,"SL18-OI-18-FG2","OI","SA18-CB-7-MG1","CB","SL18-OI-18-FG2xSA18-CB-7-MG1","OI X CB",2,1,"2",32,"6",3,3.34,0.97,3.443298969,9.98,0.33,0.19000711,57.577912,160,NA,NA,NA,NA,NA,42.42,NA,9.04,NA,NA,NA,NA,NA,NA,NA,NA,NA,NA,NA,NA,206.7877961,25920.73816,10968.30961,49.93790554,3073.023986,10130.90126,136946.4747,10377.66124,122.3131579,8.546624104,0.107306101,0.240846979,1.116227169,25.96992773,36.84920262,0.139392734,29.52622892,478.2107739,0.216242594,0.746352029,26.84,1.7,15.79,42.42,NA,15.79,0.19786862432575,"ES","0","0"
"539","SL18-UCONN-S148",146,"2019","2019_148","GOM","148","5_31_2019","122",NA,"SL18-OI-18-FG2","OI","SL18-LD-10-MG1","LD","SL18-OI-18-FG2xSL18-LD-10-MG1","OI X LD",2,1,"4",52,"9",3,3.67,0.92,3.989130435,8.44,0.31,NA,NA,300,NA,NA,NA,NA,NA,NA,NA,NA,NA,NA,NA,NA,NA,NA,NA,NA,NA,NA,NA,NA,NA,NA,NA,NA,NA,NA,NA,NA,NA,NA,NA,NA,NA,NA,NA,NA,NA,NA,NA,NA,NA,NA,NA,NA,NA,NA,NA,"ES","0","0"
"540","SL18-UCONN-S149",147,"2019","2019_149","GOM","149","5_30_2019","122",NA,"SL18-OI-18-FG2","OI","SL18-LD-9-MG1","LD","SL18-OI-18-FG2xSL18-LD-9-MG1","OI X LD",1,1,"3",2,"1",3,2.53,0.91,2.78021978,10.89,0.28,NA,NA,220,NA,NA,NA,NA,NA,NA,NA,NA,NA,NA,NA,NA,NA,NA,NA,NA,NA,NA,NA,NA,NA,NA,NA,NA,NA,NA,NA,NA,NA,NA,NA,NA,NA,NA,NA,NA,NA,NA,NA,NA,NA,NA,NA,NA,NA,NA,NA,"ES","0","0"
"541","SL18-UCONN-S150",148,"2019","2019_150","GOM","150","5_31_2019","122",NA,"SL18-OI-18-FG2","OI","SL18-NL-2-MG2","NL","SL18-OI-18-FG2xSL18-NL-2-MG2","OI X NL",2,1,"4",18,"3",3,2.34,0.88,2.659090909,9.06,0.21,NA,NA,300,NA,NA,NA,NA,NA,NA,NA,NA,NA,NA,NA,NA,NA,NA,NA,NA,NA,NA,NA,NA,NA,NA,NA,NA,NA,NA,NA,NA,NA,NA,NA,NA,NA,NA,NA,NA,NA,NA,NA,NA,NA,NA,NA,NA,NA,NA,NA,"ES","0","0"
"360","SL18-UCONN-S151",149,"2019","2019_151","GOM","151","5_29_2019","122",NA,"SL18-OI-18-FG2","OI","SL18-LD-2-MG3","SF","SL18-OI-18-FG2xSL18-LD-2-MG3","OI X SF",1,1,"2",48,"8",2,0.83,0.82,1.012195122,9.34,0.08,NA,NA,80,NA,NA,NA,NA,NA,NA,NA,NA,NA,NA,NA,NA,NA,NA,NA,NA,NA,NA,NA,NA,NA,NA,NA,NA,NA,NA,NA,NA,NA,NA,NA,NA,NA,NA,NA,NA,NA,NA,NA,NA,NA,NA,NA,NA,NA,NA,NA,"ES","0","0"
"361","SL18-UCONN-S152",150,"2019","2019_152","GOM","152","5_30_2019","122",NA,"SL18-OI-18-FG3","OI","SL18-LL-9-MG1","LL","SL18-OI-18-FG3xSL18-LL-9-MG1","OI X LL",1,1,"1",43,"8",2,0.82,1,0.82,10.4,0.09,NA,NA,40,NA,NA,NA,NA,NA,NA,NA,NA,NA,NA,NA,NA,NA,NA,NA,NA,NA,NA,NA,NA,NA,NA,NA,NA,NA,NA,NA,NA,NA,NA,NA,NA,NA,NA,NA,NA,NA,NA,NA,NA,NA,NA,NA,NA,NA,NA,NA,"ES","0","0"
"542","SL18-UCONN-S153",151,"2019","2019_153","GOM","153","5_31_2019","122",NA,"SL18-OI-18-FG3","OI","SL18-OI-7-MG1","OI","SL18-OI-18-FG3xSL18-OI-7-MG1","OI X OI",2,4,"4",1,"1",3,2.74,0.86,3.186046512,9.67,0.26,NA,NA,180,NA,NA,NA,NA,NA,NA,NA,NA,NA,NA,NA,NA,NA,NA,NA,NA,NA,NA,NA,NA,NA,NA,NA,NA,NA,NA,NA,NA,NA,NA,NA,NA,NA,NA,NA,NA,NA,NA,NA,NA,NA,NA,NA,NA,NA,NA,NA,"ES","1","0"
"362","SL18-UCONN-S154",152,"2019","2019_154","GOM","154","5_30_2019","122",NA,"SL18-OI-18-FG5","OI","SA18-CB-4-MG3","CB","SL18-OI-18-FG5xSA18-CB-4-MG3","OI X CB",1,1,"3",20,"4",2,1.31,0.77,1.701298701,13.82,0.18,NA,NA,100,NA,NA,NA,NA,NA,NA,NA,NA,NA,NA,NA,NA,NA,NA,NA,NA,NA,NA,NA,NA,NA,NA,NA,NA,NA,NA,NA,NA,NA,NA,NA,NA,NA,NA,NA,NA,NA,NA,NA,NA,NA,NA,NA,NA,NA,NA,NA,"ES","0","0"
"479","SL18-UCONN-S155",153,"2019","2019_155","GOM","155","5_31_2019","122",NA,"SL18-OI-18-FG5","OI","SL18-LD-2-MG1","LD","SL18-OI-18-FG5xSL18-LD-2-MG1","OI X LD",2,1,"3",34,"6",3,3.02,0.98,3.081632653,9.23,0.28,0.154359083,55.128244,280,NA,NA,NA,NA,NA,44.87,NA,8.78,NA,NA,NA,NA,NA,NA,NA,NA,NA,NA,NA,NA,183.8960565,29668.06626,10435.88643,401.5810801,4513.648388,11037.6074,134243.611,11879.25728,846.2723712,24.97305389,0.347787336,1.675607433,2.181421761,127.7261946,49.77012681,0.130543389,28.55219387,726.2267596,0.237510527,1.077931753,24.3,1.81,13.43,44.87,NA,13.43,0.156808846731578,"ES","0","0"
"493","SL18-UCONN-S157",155,"2019","2019_157","GOM","157","5_31_2019","122",NA,"SL18-OI-18-FG5","OI","SL18-SF-15-MG2","SF","SL18-OI-18-FG5xSL18-SF-15-MG2","OI X SF",2,4,"3",54,"9",3,4.94,0.92,5.369565217,10.32,0.51,0.268564654,52.659736,220,25.48,3.1,2.15,0.74,21.18,47.34,NA,8.7,9.57,8.88,27.12,8.61,6.93,0.78,2.91,0.62,5.82,0.24,0.42,0.78,155.7864282,24850.49464,9277.049964,212.0638079,4360.894674,9777.875536,135071.413,8907.287542,529.5924359,16.15800222,0.197375891,0.607894004,3.301441995,33.56589341,43.67883073,0.128385447,27.27104559,546.2712888,0.264583524,0.985915998,23.86,1.91,12.49,47.34,11.8511627906977,12.1705813953488,0.291809666065691,"ES","0","0"
"543","SL18-UCONN-S158",156,"2019","2019_158","GOM","158","5_30_2019","122",NA,"SL18-OI-18-FG6","OI","SA18-CB-1-MG2","CB","SL18-OI-18-FG6xSA18-CB-1-MG2","OI X CB",2,1,"1",36,"6",3,3.65,0.87,4.195402299,7.39,0.27,NA,NA,280,NA,NA,NA,NA,NA,NA,NA,NA,NA,NA,NA,NA,NA,NA,NA,NA,NA,NA,NA,NA,NA,NA,NA,NA,NA,NA,NA,NA,NA,NA,NA,NA,NA,NA,NA,NA,NA,NA,NA,NA,NA,NA,NA,NA,NA,NA,NA,"ES","0","0"
"427","SL18-UCONN-S159",157,"2019","2019_159","GOM","159","5_31_2019","122",NA,"SL18-OI-18-FG6","OI","SL18-NL-6-MG1","NL","SL18-OI-18-FG6xSL18-NL-6-MG1","OI X NL",2,1,"3",48,"8",3,1.43,0.86,1.662790698,9.73,0.14,0.088524685,63.231918,240,NA,NA,NA,NA,NA,36.77,NA,8.52,NA,NA,33.44,8.61,5.6,0.81,11.61,0.44,4.92,0.27,0.46,0.73,191.8535683,28503.52254,11736.71396,114.92658,2651.074891,9327.29205,86804.81434,8759.884616,276.1850239,7.978517323,0.103583777,0.233260767,0.881819778,47.02685933,40.20351372,0.041476224,25.38499023,671.7244732,0.207812245,1.041962224,27.05,1.63,16.6,36.77,NA,16.6,0.102299522927007,"ES","0","0"
"363","SL18-UCONN-S162",160,"2019","2019_162","GOM","162","5_30_2019","122",NA,"SL18-OI-2-FG2","OI","SL18-LD-1-MG2","LD","SL18-OI-2-FG2xSL18-LD-1-MG2","OI X LD",2,1,"2",30,"5",2,1.02,0.9,1.133333333,10.03,0.1,NA,NA,20,NA,NA,NA,NA,NA,NA,NA,NA,NA,NA,NA,NA,NA,NA,NA,NA,NA,NA,NA,NA,NA,NA,NA,NA,NA,NA,NA,NA,NA,NA,NA,NA,NA,NA,NA,NA,NA,NA,NA,NA,NA,NA,NA,NA,NA,NA,NA,"ES","0","0"
"471","SL18-UCONN-S17",17,"2019","2019_17","GOM","17","5_30_2019","122",NA,"SL18-LD-1-FG1","LD","SL18-NL-2-MG2","NL","SL18-LD-1-FG1xSL18-NL-2-MG2","LD X NL",2,1,"3",4,"1",3,1.95,0.87,2.24137931,8.62,0.17,0.095619256,56.246621,340,NA,NA,NA,NA,NA,43.75,NA,8.8,NA,NA,31.93,10.27,8.54,0.91,4.62,0.59,5.55,0.26,0.38,0.8,173.1806595,36293.6244,13840.3307,123.052617,2757.727222,11066.05194,84950.42819,10646.28587,348.3631325,8.91095664,0.107956198,0.280227526,1.406782758,48.90364954,34.7777683,0.069020331,26.99543672,848.1026452,0.230689308,1.167428675,25.88,1.71,15.13,43.75,NA,15.13,0.108678879293625,"ES","0","0"
"364","SL18-UCONN-S170",168,"2019","2019_170","GOM","170","5_29_2019","122",NA,"SL18-OI-2-FG3","OI","SL18-NL-9-MG1","NL","SL18-OI-2-FG3xSL18-NL-9-MG1","OI X NL",2,1,"2",43,"8",2,0.67,0.78,0.858974359,12.18,0.08,NA,NA,160,NA,NA,NA,NA,NA,NA,NA,NA,NA,NA,NA,NA,NA,NA,NA,NA,NA,NA,NA,NA,NA,NA,NA,NA,NA,NA,NA,NA,NA,NA,NA,NA,NA,NA,NA,NA,NA,NA,NA,NA,NA,NA,NA,NA,NA,NA,NA,"ES","0","0"
"544","SL18-UCONN-S172",170,"2019","2019_172","GOM","172","5_31_2019","122",NA,"SL18-OI-2-FG3","OI","SL18-SF-17-MG1","SF","SL18-OI-2-FG3xSL18-SF-17-MG1","OI X SF",2,1,"4",11,"2",3,1.74,0.92,1.891304348,9.64,0.17,NA,NA,NA,NA,NA,NA,NA,NA,NA,NA,NA,NA,NA,NA,NA,NA,NA,NA,NA,NA,NA,NA,NA,NA,NA,NA,NA,NA,NA,NA,NA,NA,NA,NA,NA,NA,NA,NA,NA,NA,NA,NA,NA,NA,NA,NA,NA,NA,NA,NA,"ES","0","0"
"365","SL18-UCONN-S174",172,"2019","2019_174","GOM","174","5_30_2019","122",NA,"SL18-OI-6-FG1","OI","SA18-CB-2-MG1","CB","SL18-OI-6-FG1xSA18-CB-2-MG1","OI X CB",2,1,"1",23,"4",2,0.57,1,0.57,12.82,0.07,NA,NA,60,NA,NA,NA,NA,NA,NA,NA,NA,NA,NA,NA,NA,NA,NA,NA,NA,NA,NA,NA,NA,NA,NA,NA,NA,NA,NA,NA,NA,NA,NA,NA,NA,NA,NA,NA,NA,NA,NA,NA,NA,NA,NA,NA,NA,NA,NA,NA,"ES","0","0"
"545","SL18-UCONN-S175",173,"2019","2019_175","GOM","175","5_30_2019","122",NA,"SL18-OI-6-FG1","OI","SA18-CB-4-MG1","CB","SL18-OI-6-FG1xSA18-CB-4-MG1","OI X CB",2,4,"1",20,"4",3,2.75,0.91,3.021978022,6.92,0.19,NA,NA,180,NA,NA,NA,NA,NA,NA,NA,NA,NA,NA,NA,NA,NA,NA,NA,NA,NA,NA,NA,NA,NA,NA,NA,NA,NA,NA,NA,NA,NA,NA,NA,NA,NA,NA,NA,NA,NA,NA,NA,NA,NA,NA,NA,NA,NA,NA,NA,"ES","0","0"
"337","SL18-UCONN-S176",174,"2019","2019_176","GOM","176","5_29_2019","122",NA,"SL18-OI-6-FG1","OI","SL18-LD-13-MG2","LD","SL18-OI-6-FG1xSL18-LD-13-MG2","OI X LD",1,1,"2",17,"3",2,1.58,0.65,2.430769231,9.9,0.16,0.096904152,60.565095,180,NA,NA,NA,NA,NA,39.43,NA,8.99,NA,NA,30.68,10.28,5.88,0.9,5.06,0.57,6.43,0.24,0.41,0.92,175.0874677,21689.23344,10451.44964,296.7787538,3119.317215,9260.58457,87080.45338,10755.33657,240.3036815,15.91709461,0.101931265,0.528184867,6.096305956,97.67828314,42.96338403,0.073129471,27.59137964,828.271812,0.213436562,1.106092875,26.45,1.98,13.36,39.43,NA,13.36,0.145759375398453,"ES","0","0"
"546","SL18-UCONN-S177",175,"2019","2019_177","GOM","177","5_31_2019","122",NA,"SL18-OI-6-FG1","OI","SL18-LD-2-MG1","LD","SL18-OI-6-FG1xSL18-LD-2-MG1","OI X LD",2,1,"4",4,"1",3,2.36,0.88,2.681818182,9.83,0.23,NA,NA,160,NA,NA,NA,NA,NA,NA,NA,NA,NA,NA,NA,NA,NA,NA,NA,NA,NA,NA,NA,NA,NA,NA,NA,NA,NA,NA,NA,NA,NA,NA,NA,NA,NA,NA,NA,NA,NA,NA,NA,NA,NA,NA,NA,NA,NA,NA,NA,"ES","0","0"
"547","SL18-UCONN-S178",176,"2019","2019_178","GOM","178","5_31_2019","122",NA,"SL18-OI-6-FG1","OI","SL18-LD-5-MG1","LD","SL18-OI-6-FG1xSL18-LD-5-MG1","OI X LD",2,1,"3",52,"9",3,3.76,0.97,3.87628866,4.29,0.16,NA,NA,260,NA,NA,NA,NA,NA,NA,NA,NA,NA,NA,NA,NA,NA,NA,NA,NA,NA,NA,NA,NA,NA,NA,NA,NA,NA,NA,NA,NA,NA,NA,NA,NA,NA,NA,NA,NA,NA,NA,NA,NA,NA,NA,NA,NA,NA,NA,NA,"ES","0","0"
"548","SL18-UCONN-S18",18,"2019","2019_18","GOM","18","5_30_2019","122",NA,"SL18-LD-1-FG1","LD","SL18-OI-18-MG1","OI","SL18-LD-1-FG1xSL18-OI-18-MG1","LD X OI",1,1,"3",5,"1",3,1.9,0.86,2.209302326,9.74,0.18,NA,NA,340,NA,NA,NA,NA,NA,NA,NA,NA,NA,NA,NA,NA,NA,NA,NA,NA,NA,NA,NA,NA,NA,NA,NA,NA,NA,NA,NA,NA,NA,NA,NA,NA,NA,NA,NA,NA,NA,NA,NA,NA,NA,NA,NA,NA,NA,NA,NA,"ES","0","0"
"366","SL18-UCONN-S180",178,"2019","2019_180","GOM","180","5_31_2019","122",NA,"SL18-OI-6-FG1","OI","SL18-NL-9-MG1","NL","SL18-OI-6-FG1xSL18-NL-9-MG1","OI X NL",1,1,"4",7,"2",2,1.73,0.76,2.276315789,10.87,0.19,NA,NA,120,NA,NA,NA,NA,NA,NA,NA,NA,NA,NA,NA,NA,NA,NA,NA,NA,NA,NA,NA,NA,NA,NA,NA,NA,NA,NA,NA,NA,NA,NA,NA,NA,NA,NA,NA,NA,NA,NA,NA,NA,NA,NA,NA,NA,NA,NA,NA,"ES","0","0"
"549","SL18-UCONN-S181",179,"2019","2019_181","GOM","181","5_31_2019","122",NA,"SL18-OI-6-FG1","OI","SL18-SF-15-MG1","SF","SL18-OI-6-FG1xSL18-SF-15-MG1","OI X SF",2,1,"4",14,"3",3,2.67,0.82,3.256097561,8.81,0.24,NA,NA,220,NA,NA,NA,NA,NA,NA,NA,NA,NA,NA,NA,NA,NA,NA,NA,NA,NA,NA,NA,NA,NA,NA,NA,NA,NA,NA,NA,NA,NA,NA,NA,NA,NA,NA,NA,NA,NA,NA,NA,NA,NA,NA,NA,NA,NA,NA,NA,"ES","0","0"
"550","SL18-UCONN-S182",180,"2019","2019_182","GOM","182","5_31_2019","122",NA,"SL18-OI-6-FG1","OI","SL18-SF-19-MG1","SF","SL18-OI-6-FG1xSL18-SF-19-MG1","OI X SF",2,1,"4",12,"2",3,1.47,0.84,1.75,8.22,0.12,NA,NA,80,NA,NA,NA,NA,NA,NA,NA,NA,NA,NA,NA,NA,NA,NA,NA,NA,NA,NA,NA,NA,NA,NA,NA,NA,NA,NA,NA,NA,NA,NA,NA,NA,NA,NA,NA,NA,NA,NA,NA,NA,NA,NA,NA,NA,NA,NA,NA,"ES","0","0"
"551","SL18-UCONN-S183",181,"2019","2019_183","GOM","183","5_30_2019","122",NA,"SL18-OI-7-FG3","OI","SA18-CB-2-MG3","CB","SL18-OI-7-FG3xSA18-CB-2-MG3","OI X CB",2,1,"3",30,"5",3,1.67,0.75,2.226666667,9.71,0.16,NA,NA,260,NA,NA,NA,NA,NA,NA,NA,NA,NA,NA,NA,NA,NA,NA,NA,NA,NA,NA,NA,NA,NA,NA,NA,NA,NA,NA,NA,NA,NA,NA,NA,NA,NA,NA,NA,NA,NA,NA,NA,NA,NA,NA,NA,NA,NA,NA,NA,"ES","0","0"
"473","SL18-UCONN-S186",184,"2019","2019_186","GOM","186","5_29_2019","122",NA,"SL18-OI-9-FG1","OI","SL18-LL-9-MG2","LL","SL18-OI-9-FG1xSL18-LL-9-MG2","OI X LL",2,1,"2",50,"9",3,2,0.85,2.352941176,8.49,0.17,0.094980323,55.870778,300,NA,NA,NA,NA,NA,44.13,NA,8.34,NA,NA,35.02,12.94,7.57,0.65,6.91,0.78,4.82,0.21,0.41,0.74,240.3214858,23650.23381,9808.550528,44.06222497,3118.475249,9792.243208,116949.0198,8861.077999,129.6560308,6.062398309,0.197624587,0.318198206,5.737837,44.20179683,40.01044847,0.041602562,36.21694466,755.6576773,0.176186674,1.343004484,25.31,1.69,14.98,44.13,NA,14.98,0.111608541154149,"ES","0","0"
"552","SL18-UCONN-S189",187,"2019","2019_189","GOM","189","5_30_2019","122",NA,"SL18-SF-13-FG1","SF","SL18-LL-9-MG3","LL","SL18-SF-13-FG1xSL18-LL-9-MG3","SF X LL",2,4,"3",19,"4",3,2.04,0.93,2.193548387,12.02,0.25,NA,NA,80,NA,NA,NA,NA,NA,NA,NA,NA,NA,NA,NA,NA,NA,NA,NA,NA,NA,NA,NA,NA,NA,NA,NA,NA,NA,NA,NA,NA,NA,NA,NA,NA,NA,NA,NA,NA,NA,NA,NA,NA,NA,NA,NA,NA,NA,NA,NA,"ES","0","0"
"499","SL18-UCONN-S19",19,"2019","2019_19","GOM","19","5_30_2019","122",NA,"SL18-LD-1-FG2","LD","SA18-CB-4-MG3","CB","SL18-LD-1-FG2xSA18-CB-4-MG3","LD X CB",2,1,"3",16,"3",3,5.14,0.77,6.675324675,8.91,0.46,0.239662194,52.100477,180,NA,NA,NA,NA,NA,47.9,NA,9.93,NA,NA,33.71,12.83,8.29,0.79,3.79,0.58,5.83,0.24,0.48,0.77,183.3947742,31142.61127,12148.12644,100.5759412,2804.926231,8664.019422,98907.77023,9432.615287,302.3467072,6.866937415,0.140699321,0.43151969,1.058045422,43.2100045,38.38844047,0.051292245,28.95120887,788.5201046,0.238828502,0.96558122,23.63,1.64,14.41,47.9,NA,14.41,0.309875914270642,"ES","0","0"
"367","SL18-UCONN-S190",188,"2019","2019_190","GOM","190","5_30_2019","122",NA,"SL18-SF-17-FG1","SF","SL18-LL-9-MG1","LL","SL18-SF-17-FG1xSL18-LL-9-MG1","SF X LL",2,1,"1",53,"9",2,1.01,0.91,1.10989011,10.27,0.1,NA,NA,80,NA,NA,NA,NA,NA,NA,NA,NA,NA,NA,NA,NA,NA,NA,NA,NA,NA,NA,NA,NA,NA,NA,NA,NA,NA,NA,NA,NA,NA,NA,NA,NA,NA,NA,NA,NA,NA,NA,NA,NA,NA,NA,NA,NA,NA,NA,NA,"ES","0","0"
"476","SL18-UCONN-S192",190,"2019","2019_192","GOM","192","5_30_2019","122",NA,"SL18-SF-17-FG3","SF","SA18-CB-10-MG1","CB","SL18-SF-17-FG3xSA18-CB-10-MG1","SF X CB",2,4,"1",6,"1",3,4.25,0.9,4.722222222,7.46,0.32,0.177372138,55.428793,420,NA,NA,NA,NA,NA,44.57,NA,8.63,NA,NA,NA,NA,NA,NA,NA,NA,NA,NA,NA,NA,230.4528558,23520.20112,9185.522302,67.92231861,4250.135309,10931.705,151484.1735,11259.19775,184.9359529,10.09468926,0.127209273,0.300961867,1.477073563,45.90832239,41.53568672,0.117889679,28.40446689,728.0620854,0.216202102,0.96614973,26.57,1.94,13.7,44.57,NA,13.7,0.195267572213033,"ES","0","0"
"553","SL18-UCONN-S193",191,"2019","2019_193","GOM","193","5_30_2019","122",NA,"SL18-SF-17-FG3","SF","SA18-CB-3-MG3","CB","SL18-SF-17-FG3xSA18-CB-3-MG3","SF X CB",2,4,"1",24,"4",3,1.97,0.83,2.373493976,8.83,0.17,NA,NA,20,NA,NA,NA,NA,NA,NA,NA,NA,NA,NA,NA,NA,NA,NA,NA,NA,NA,NA,NA,NA,NA,NA,NA,NA,NA,NA,NA,NA,NA,NA,NA,NA,NA,NA,NA,NA,NA,NA,NA,NA,NA,NA,NA,NA,NA,NA,NA,"ES","0","0"
"352","SL18-UCONN-S194",192,"2019","2019_194","GOM","194","5_31_2019","122",NA,"SL18-SF-17-FG3","SF","SL18-LD-2-MG1","LD","SL18-SF-17-FG3xSL18-LD-2-MG1","SF X LD",2,1,"4",35,"6",2,1.59,0.92,1.72826087,9.29,0.15,0.083590022,55.726681,240,NA,NA,NA,NA,NA,44.27,NA,9.12,NA,NA,29.29,8.73,8.52,0.83,3.76,0.54,5.51,0.23,0.42,0.75,155.2705851,38069.88737,14188.62901,243.8242236,2559.501948,11335.56368,86232.43985,10814.50574,558.6462519,15.39942469,0.145245904,0.76134204,1.824012314,110.3588706,30.11806135,0.10017771,24.47670806,947.04952,0.296296232,0.916322042,25.36,1.77,14.33,44.27,NA,14.33,0.0894775438268579,"ES","0","0"
"368","SL18-UCONN-S195",193,"2019","2019_195","GOM","195","5_30_2019","122",NA,"SL18-SF-17-FG3","SF","SL18-NL-10-MG2","NL","SL18-SF-17-FG3xSL18-NL-10-MG2","SF X NL",3,1,"1",44,"8",2,0.55,0.95,0.578947368,10.99,0.06,NA,NA,160,NA,NA,NA,NA,NA,NA,NA,NA,NA,NA,NA,NA,NA,NA,NA,NA,NA,NA,NA,NA,NA,NA,NA,NA,NA,NA,NA,NA,NA,NA,NA,NA,NA,NA,NA,NA,NA,NA,NA,NA,NA,NA,NA,NA,NA,NA,NA,"ES","0","0"
"554","SL18-UCONN-S196",194,"2019","2019_196","GOM","196","5_31_2019","122",NA,"SL18-SF-17-FG3","SF","SL18-NL-2-MG3","NL","SL18-SF-17-FG3xSL18-NL-2-MG3","SF X NL",3,4,"4",22,"4",3,2.64,0.81,3.259259259,8.47,0.22,NA,NA,NA,NA,NA,NA,NA,NA,NA,NA,NA,NA,NA,NA,NA,NA,NA,NA,NA,NA,NA,NA,NA,NA,NA,NA,NA,NA,NA,NA,NA,NA,NA,NA,NA,NA,NA,NA,NA,NA,NA,NA,NA,NA,NA,NA,NA,NA,NA,NA,"ES","0","0"
"492","SL18-UCONN-S197",195,"2019","2019_197","GOM","197","5_31_2019","122",NA,"SL18-SF-17-FG3","SF","SL18-NL-9-MG1","NL","SL18-SF-17-FG3xSL18-NL-9-MG1","SF X NL",3,1,"4",51,"9",3,2.75,0.89,3.08988764,8.55,0.24,0.126481272,52.70053,260,NA,NA,NA,NA,NA,47.3,NA,8.2,NA,NA,NA,NA,NA,NA,NA,NA,NA,NA,NA,NA,160.7935755,25998.67249,10537.88037,192.2629165,3450.352834,12179.75373,142927.7669,14305.72391,434.0387254,13.07376814,0.208883944,0.467348696,34.90652595,50.3148844,30.6073278,0.156470935,30.28585269,1005.9363,0.265882718,0.850471516,26.76,1.99,13.45,47.3,NA,13.45,0.13922570222694,"ES","0","0"
"488","SL18-UCONN-S198",196,"2019","2019_198","GOM","198","5_29_2019","122",NA,"SL18-SF-17-FG3","SF","SL18-OI-7-MG1","OI","SL18-SF-17-FG3xSL18-OI-7-MG1","SF X OI",3,1,"2",52,"9",3,2.8,0.81,3.456790123,8.35,0.23,0.122450096,53.239172,500,NA,NA,NA,NA,NA,46.76,NA,8.14,NA,NA,NA,NA,NA,NA,NA,NA,NA,NA,NA,NA,232.5885315,34530.22034,10803.45563,120.6740086,4156.490756,11836.67611,134681.9256,11441.63202,271.5599921,10.08177716,0.150687728,0.261532433,5.119595199,44.69326268,41.6519813,0.130519682,32.16378445,757.2096567,0.212335007,1.167142825,26.39,1.79,14.74,46.76,NA,14.74,0.153672987634014,"ES","0","0"
"501","SL18-UCONN-S199",197,"2019","2019_199","GOM","199","5_29_2019","122",NA,"SL18-SF-17-FG3","SF","SL18-OI-9-MG3","OI","SL18-SF-17-FG3xSL18-OI-9-MG3","SF X OI",3,1,"2",53,"9",3,2.88,0.8,3.6,9.16,0.26,0.134874516,51.874814,380,NA,NA,NA,NA,NA,48.13,NA,7.4,NA,NA,NA,NA,NA,NA,NA,NA,NA,NA,NA,NA,200.7662434,20255.53118,6881.076862,28.42198282,3414.401107,8102.472724,186338.8232,7807.729176,103.816619,6.241716968,0.095013601,0.390958074,0.866479989,41.72019463,43.63246657,0.156782155,34.97935057,547.1239878,0.170634162,1.011064551,26.64,1.85,14.4,48.13,NA,14.4,0.171046512,"ES","0","0"
"555","SL18-UCONN-S2",2,"2019","2019_2","GOM","2","5_31_2019","122",NA,"SA18-CB-10-FG2","CB","SL18-LL-9-MG1","LL","SA18-CB-10-FG2xSL18-LL-9-MG1","CB X LL",1,1,"4",34,"6",3,2.16,0.86,2.511627907,9.1,0.2,NA,NA,100,NA,NA,NA,NA,NA,NA,NA,NA,NA,NA,NA,NA,NA,NA,NA,NA,NA,NA,NA,NA,NA,NA,NA,NA,NA,NA,NA,NA,NA,NA,NA,NA,NA,NA,NA,NA,NA,NA,NA,NA,NA,NA,NA,NA,NA,NA,NA,"ES","0","0"
"556","SL18-UCONN-S20",20,"2019","2019_20","GOM","20","5_31_2019","122",NA,"SL18-LD-1-FG2","LD","SL18-SF-13-MG3","SF","SL18-LD-1-FG2xSL18-SF-13-MG3","LD X SF",2,1,"3",32,"6",3,2.42,0.84,2.880952381,9.16,0.22,NA,NA,380,NA,NA,NA,NA,NA,NA,NA,NA,NA,NA,NA,NA,NA,NA,NA,NA,NA,NA,NA,NA,NA,NA,NA,NA,NA,NA,NA,NA,NA,NA,NA,NA,NA,NA,NA,NA,NA,NA,NA,NA,NA,NA,NA,NA,NA,NA,NA,"ES","0","0"
"557","SL18-UCONN-S21",21,"2019","2019_21","GOM","21","5_30_2019","122",NA,"SL18-LD-1-FG2","LD","SL18-SF-15-MG1","SF","SL18-LD-1-FG2xSL18-SF-15-MG1","LD X SF",2,1,"2",34,"6",3,3.66,0.94,3.893617021,7.28,0.27,NA,NA,400,NA,NA,NA,NA,NA,NA,NA,NA,NA,NA,NA,NA,NA,NA,NA,NA,NA,NA,NA,NA,NA,NA,NA,NA,NA,NA,NA,NA,NA,NA,NA,NA,NA,NA,NA,NA,NA,NA,NA,NA,NA,NA,NA,NA,NA,NA,NA,"ES","0","0"
"369","SL18-UCONN-S23",23,"2019","2019_23","GOM","23","5_31_2019","122",NA,"SL18-LD-1-FG3","LD","SL18-NL-5-MG1","NL","SL18-LD-1-FG3xSL18-NL-5-MG1","LD X NL",2,1,"4",42,"7",2,0.97,0.92,1.054347826,10.08,0.1,NA,NA,180,NA,NA,NA,NA,NA,NA,NA,NA,NA,NA,NA,NA,NA,NA,NA,NA,NA,NA,NA,NA,NA,NA,NA,NA,NA,NA,NA,NA,NA,NA,NA,NA,NA,NA,NA,NA,NA,NA,NA,NA,NA,NA,NA,NA,NA,NA,NA,"ES","0","0"
"485","SL18-UCONN-S24",24,"2019","2019_24","GOM","24","5_29_2019","122",NA,"SL18-LD-1-FG3","LD","SL18-OI-11-MG2","OI","SL18-LD-1-FG3xSL18-OI-11-MG2","LD X OI",2,1,"2",16,"3",3,2.65,0.84,3.154761905,11.31,0.3,0.162782568,54.260856,300,NA,NA,NA,NA,NA,45.74,NA,8.1,NA,NA,NA,NA,NA,NA,NA,NA,NA,NA,NA,NA,352.7898177,24869.83523,9155.208125,78.68505423,4424.801866,12168.26466,124897.1645,9286.66308,165.4857803,11.41323609,0.160521881,1.064551376,1.176191493,47.66641713,38.7934063,0.0853909,29.80063019,625.2744827,0.216163747,1.268524242,24.38,1.6,15.24,45.74,NA,15.24,0.193601617871754,"ES","0","0"
"558","SL18-UCONN-S25",25,"2019","2019_25","GOM","25","5_30_2019","122",NA,"SL18-LD-1-FG3","LD","SL18-OI-15-MG1","OI","SL18-LD-1-FG3xSL18-OI-15-MG1","LD X OI",2,1,"1",31,"6",3,1.78,0.85,2.094117647,7.79,0.14,NA,NA,280,NA,NA,NA,NA,NA,NA,NA,NA,NA,NA,NA,NA,NA,NA,NA,NA,NA,NA,NA,NA,NA,NA,NA,NA,NA,NA,NA,NA,NA,NA,NA,NA,NA,NA,NA,NA,NA,NA,NA,NA,NA,NA,NA,NA,NA,NA,NA,"ES","0","0"
"559","SL18-UCONN-S26",26,"2019","2019_26","GOM","26","5_31_2019","122",NA,"SL18-LD-1-FG3","LD","SL18-OI-16-MG1","OI","SL18-LD-1-FG3xSL18-OI-16-MG1","LD X OI",2,1,"4",53,"9",3,1.3,1,1.3,8.58,0.11,NA,NA,140,NA,NA,NA,NA,NA,NA,NA,NA,NA,NA,NA,NA,NA,NA,NA,NA,NA,NA,NA,NA,NA,NA,NA,NA,NA,NA,NA,NA,NA,NA,NA,NA,NA,NA,NA,NA,NA,NA,NA,NA,NA,NA,NA,NA,NA,NA,NA,"ES","0","0"
"560","SL18-UCONN-S27",27,"2019","2019_27","GOM","27","5_30_2019","122",NA,"SL18-LD-1-FG3","LD","SL18-OI-6-MG2","OI","SL18-LD-1-FG3xSL18-OI-6-MG2","LD X OI",2,1,"1",32,"6",3,1.57,0.78,2.012820513,10.01,0.16,NA,NA,80,NA,NA,NA,NA,NA,NA,NA,NA,NA,NA,NA,NA,NA,NA,NA,NA,NA,NA,NA,NA,NA,NA,NA,NA,NA,NA,NA,NA,NA,NA,NA,NA,NA,NA,NA,NA,NA,NA,NA,NA,NA,NA,NA,NA,NA,NA,NA,"ES","0","0"
"561","SL18-UCONN-S28",28,"2019","2019_28","GOM","28","5_29_2019","122",NA,"SL18-LD-1-FG3","LD","SL18-OI-7-MG1","OI","SL18-LD-1-FG3xSL18-OI-7-MG1","LD X OI",2,1,"2",39,"7",3,2.21,0.94,2.35106383,8.41,0.19,NA,NA,460,NA,NA,NA,NA,NA,NA,NA,NA,NA,NA,NA,NA,NA,NA,NA,NA,NA,NA,NA,NA,NA,NA,NA,NA,NA,NA,NA,NA,NA,NA,NA,NA,NA,NA,NA,NA,NA,NA,NA,NA,NA,NA,NA,NA,NA,NA,NA,"ES","0","0"
"562","SL18-UCONN-S29",29,"2019","2019_29","GOM","29","5_30_2019","122",NA,"SL18-LD-1-FG3","LD","SL18-OI-9-MG3","OI","SL18-LD-1-FG3xSL18-OI-9-MG3","LD X OI",2,1,"1",42,"7",3,2.2,0.89,2.471910112,8.96,0.2,NA,NA,320,NA,NA,NA,NA,NA,NA,NA,NA,NA,NA,NA,NA,NA,NA,NA,NA,NA,NA,NA,NA,NA,NA,NA,NA,NA,NA,NA,NA,NA,NA,NA,NA,NA,NA,NA,NA,NA,NA,NA,NA,NA,NA,NA,NA,NA,NA,NA,"ES","0","0"
"513","SL18-UCONN-S3",3,"2019","2019_3","GOM","3","5_30_2019","122",NA,"SA18-CB-4-FG3","CB","SA18-CB-4-MG3","CB","SA18-CB-4-FG3xSA18-CB-4-MG3","CB X CB",3,4,"1",51,"9",3,2.68,0.96,2.791666667,8.3,0.22,0.10636842,48.349282,160,NA,NA,NA,NA,NA,51.65,NA,8.71,NA,NA,NA,NA,NA,NA,NA,NA,NA,NA,NA,NA,197.5592517,28750.72511,11400.20021,177.5052273,4329.755014,12040.27893,114980.1729,13447.06141,376.0012255,10.76768507,0.217900489,0.763364089,1.719390643,34.2528717,38.75848975,0.097634119,26.05989504,915.404008,0.388358211,0.797464564,21.3,1.71,12.46,51.65,NA,12.46,0.112030979180044,"ES","1","1"
"370","SL18-UCONN-S30",30,"2019","2019_30","GOM","30","5_31_2019","122",NA,"SL18-LD-1-FG3","LD","SL18-NL-9-MG2","SF","SL18-LD-1-FG3xSL18-NL-9-MG2","LD X SF",1,1,"4",43,"8",2,1.03,0.87,1.183908046,11,0.11,NA,NA,60,NA,NA,NA,NA,NA,NA,NA,NA,NA,NA,NA,NA,NA,NA,NA,NA,NA,NA,NA,NA,NA,NA,NA,NA,NA,NA,NA,NA,NA,NA,NA,NA,NA,NA,NA,NA,NA,NA,NA,NA,NA,NA,NA,NA,NA,NA,NA,"ES","0","0"
"563","SL18-UCONN-S31",31,"2019","2019_31","GOM","31","5_30_2019","122",NA,"SL18-LD-1-FG3","LD","SL18-OI-15-MG2","SF","SL18-LD-1-FG3xSL18-OI-15-MG2","LD X SF",2,1,"1",2,"1",3,2.47,0.91,2.714285714,9.87,0.24,NA,NA,400,NA,NA,NA,NA,NA,NA,NA,NA,NA,NA,NA,NA,NA,NA,NA,NA,NA,NA,NA,NA,NA,NA,NA,NA,NA,NA,NA,NA,NA,NA,NA,NA,NA,NA,NA,NA,NA,NA,NA,NA,NA,NA,NA,NA,NA,NA,NA,"ES","0","0"
"564","SL18-UCONN-S32",32,"2019","2019_32","GOM","32","5_29_2019","122",NA,"SL18-LD-2-FG2","LD","SA18-CB-3-MG3","CB","SL18-LD-2-FG2xSA18-CB-3-MG3","LD X CB",2,1,"2",42,"7",3,3.01,0.89,3.382022472,7.07,0.21,NA,NA,220,NA,NA,NA,NA,NA,NA,NA,NA,NA,NA,NA,NA,NA,NA,NA,NA,NA,NA,NA,NA,NA,NA,NA,NA,NA,NA,NA,NA,NA,NA,NA,NA,NA,NA,NA,NA,NA,NA,NA,NA,NA,NA,NA,NA,NA,NA,NA,"ES","0","0"
"491","SL18-UCONN-S33",33,"2019","2019_33","GOM","33","5_29_2019","122",NA,"SL18-LD-2-FG2","LD","SL18-LL-9-MG2","LL","SL18-LD-2-FG2xSL18-LL-9-MG2","LD X LL",2,1,"2",6,"1",3,2.5,0.9,2.777777778,9.49,0.24,0.126546775,52.727823,200,NA,NA,NA,NA,NA,47.27,NA,8.2,NA,NA,NA,NA,NA,NA,NA,NA,NA,NA,NA,NA,279.5978776,16211.01163,7517.935027,122.5859255,2782.813329,10746.70016,161485.7062,10983.81596,179.2958557,7.711322729,0.169213583,0.711726929,2.165112052,36.38186857,31.09229659,0.108042397,25.61350199,772.3778639,0.226795585,0.820665943,23.38,1.35,17.32,47.27,NA,17.32,0.139002138900009,"ES","0","0"
"371","SL18-UCONN-S34",34,"2019","2019_34","GOM","34","5_31_2019","122",NA,"SL18-LD-2-FG2","LD","SL18-NL-9-MG1","NL","SL18-LD-2-FG2xSL18-NL-9-MG1","LD X NL",2,1,"3",36,"6",2,0.43,0.71,0.605633803,9.82,0.04,NA,NA,20,NA,NA,NA,NA,NA,NA,NA,NA,NA,NA,NA,NA,NA,NA,NA,NA,NA,NA,NA,NA,NA,NA,NA,NA,NA,NA,NA,NA,NA,NA,NA,NA,NA,NA,NA,NA,NA,NA,NA,NA,NA,NA,NA,NA,NA,NA,NA,"ES","0","0"
"505","SL18-UCONN-S35",35,"2019","2019_35","GOM","35","5_30_2019","122",NA,"SL18-LD-2-FG2","LD","SL18-SF-19-MG1","SF","SL18-LD-2-FG2xSL18-SF-19-MG1","LD X SF",2,1,"1",14,"3",3,1.45,0.91,1.593406593,22.72,0.33,0.16623095,50.373015,280,NA,NA,NA,NA,NA,49.63,32.64,8.86,NA,NA,NA,NA,NA,NA,NA,NA,NA,NA,NA,NA,250.1223949,33178.15876,12528.47982,87.55513994,3293.143609,13951.86203,117341.0532,10986.57871,179.6098821,21.79767113,0.139116846,0.47951701,1.61450194,60.83209358,38.63643458,0.103534886,22.09179995,596.6967074,0.25236893,0.803512885,23.02,1.98,11.63,41.135,NA,11.63,0.213104237308259,"ES","0","0"
"565","SL18-UCONN-S37",37,"2019","2019_37","GOM","37","5_31_2019","122",NA,"SL18-LD-3-FG1","LD","SL18-NL-9-MG1","NL","SL18-LD-3-FG1xSL18-NL-9-MG1","LD X NL",1,1,"4",23,"4",3,1.12,0.61,1.836065574,7.57,0.08,NA,NA,80,NA,NA,NA,NA,NA,NA,NA,NA,NA,NA,NA,NA,NA,NA,NA,NA,NA,NA,NA,NA,NA,NA,NA,NA,NA,NA,NA,NA,NA,NA,NA,NA,NA,NA,NA,NA,NA,NA,NA,NA,NA,NA,NA,NA,NA,NA,NA,"ES","0","0"
"372","SL18-UCONN-S38",38,"2019","2019_38","GOM","38","5_31_2019","122",NA,"SL18-LD-3-FG1","LD","SL18-SF-19-MG2","SF","SL18-LD-3-FG1xSL18-SF-19-MG2","LD X SF",2,1,"4",50,"9",2,1.47,0.91,1.615384615,15.64,0.23,NA,NA,140,NA,NA,NA,NA,NA,NA,NA,NA,NA,NA,NA,NA,NA,NA,NA,NA,NA,NA,NA,NA,NA,NA,NA,NA,NA,NA,NA,NA,NA,NA,NA,NA,NA,NA,NA,NA,NA,NA,NA,NA,NA,NA,NA,NA,NA,NA,NA,"ES","0","0"
"566","SL18-UCONN-S39",39,"2019","2019_39","GOM","39","5_30_2019","122",NA,"SL18-LD-3-FG2","LD","SA18-CB-2-MG3","CB","SL18-LD-3-FG2xSA18-CB-2-MG3","LD X CB",2,1,"1",21,"4",3,2.11,0.87,2.425287356,8.43,0.18,NA,NA,200,NA,NA,NA,NA,NA,NA,NA,NA,NA,NA,NA,NA,NA,NA,NA,NA,NA,NA,NA,NA,NA,NA,NA,NA,NA,NA,NA,NA,NA,NA,NA,NA,NA,NA,NA,NA,NA,NA,NA,NA,NA,NA,NA,NA,NA,NA,NA,"ES","0","0"
"567","SL18-UCONN-S40",40,"2019","2019_40","GOM","40","5_30_2019","122",NA,"SL18-LD-3-FG2","LD","SL18-LL-9-MG2","LL","SL18-LD-3-FG2xSL18-LL-9-MG2","LD X LL",2,1,"3",26,"5",3,3.07,0.77,3.987012987,6.12,0.19,NA,NA,460,NA,NA,NA,NA,NA,NA,NA,NA,NA,NA,NA,NA,NA,NA,NA,NA,NA,NA,NA,NA,NA,NA,NA,NA,NA,NA,NA,NA,NA,NA,NA,NA,NA,NA,NA,NA,NA,NA,NA,NA,NA,NA,NA,NA,NA,NA,NA,"ES","0","0"
"373","SL18-UCONN-S41",41,"2019","2019_41","GOM","41","5_29_2019","122",NA,"SL18-LD-3-FG2","LD","SL18-SF-17-MG3","SF","SL18-LD-3-FG2xSL18-SF-17-MG3","LD X SF",2,1,"2",20,"4",2,0.95,0.85,1.117647059,10.99,0.1,NA,NA,40,NA,NA,NA,NA,NA,NA,NA,NA,NA,NA,NA,NA,NA,NA,NA,NA,NA,NA,NA,NA,NA,NA,NA,NA,NA,NA,NA,NA,NA,NA,NA,NA,NA,NA,NA,NA,NA,NA,NA,NA,NA,NA,NA,NA,NA,NA,NA,"ES","0","0"
"568","SL18-UCONN-S43",43,"2019","2019_43","GOM","43","5_29_2019","122",NA,"SL18-LD-4-FG1","LD","SA18-CB-2-MG1","CB","SL18-LD-4-FG1xSA18-CB-2-MG1","LD X CB",2,1,"2",54,"9",3,2.22,0.8,2.775,8.35,0.19,NA,NA,380,NA,NA,NA,NA,NA,NA,NA,NA,NA,NA,NA,NA,NA,NA,NA,NA,NA,NA,NA,NA,NA,NA,NA,NA,NA,NA,NA,NA,NA,NA,NA,NA,NA,NA,NA,NA,NA,NA,NA,NA,NA,NA,NA,NA,NA,NA,NA,"ES","0","0"
"569","SL18-UCONN-S44",44,"2019","2019_44","GOM","44","5_31_2019","122",NA,"SL18-LD-4-FG1","LD","SL18-NL-3-MG2","NL","SL18-LD-4-FG1xSL18-NL-3-MG2","LD X NL",2,1,"3",43,"8",3,1.56,0.86,1.813953488,8.83,0.14,NA,NA,240,NA,NA,NA,NA,NA,NA,NA,NA,NA,NA,NA,NA,NA,NA,NA,NA,NA,NA,NA,NA,NA,NA,NA,NA,NA,NA,NA,NA,NA,NA,NA,NA,NA,NA,NA,NA,NA,NA,NA,NA,NA,NA,NA,NA,NA,NA,NA,"ES","0","0"
"374","SL18-UCONN-S45",45,"2019","2019_45","GOM","45","5_30_2019","122",NA,"SL18-LD-4-FG2","LD","SL18-LL-9-MG1","LL","SL18-LD-4-FG2xSL18-LL-9-MG1","LD X LL",2,1,"1",9,"2",2,0.56,0.917,0.610687023,14.07,0.08,NA,NA,NA,NA,NA,NA,NA,NA,NA,NA,NA,NA,NA,NA,NA,NA,NA,NA,NA,NA,NA,NA,NA,NA,NA,NA,NA,NA,NA,NA,NA,NA,NA,NA,NA,NA,NA,NA,NA,NA,NA,NA,NA,NA,NA,NA,NA,NA,NA,NA,"ES","0","0"
"570","SL18-UCONN-S46",46,"2019","2019_46","GOM","46","5_29_2019","122",NA,"SL18-LD-4-FG2","LD","SL18-SF-15-MG2","SF","SL18-LD-4-FG2xSL18-SF-15-MG2","LD X SF",2,1,"2",9,"2",3,3.03,0.73,4.150684932,8.91,0.27,NA,NA,200,NA,NA,NA,NA,NA,NA,NA,NA,NA,NA,NA,NA,NA,NA,NA,NA,NA,NA,NA,NA,NA,NA,NA,NA,NA,NA,NA,NA,NA,NA,NA,NA,NA,NA,NA,NA,NA,NA,NA,NA,NA,NA,NA,NA,NA,NA,NA,"ES","0","0"
"375","SL18-UCONN-S47",47,"2019","2019_47","GOM","47","5_30_2019","122",NA,"SL18-LD-4-FG3","LD","SL18-SF-17-MG1","SF","SL18-LD-4-FG3xSL18-SF-17-MG1","LD X SF",2,1,"2",27,"5",2,1.58,0.86,1.837209302,10.48,0.17,NA,NA,20,NA,NA,NA,NA,NA,NA,NA,NA,NA,NA,NA,NA,NA,NA,NA,NA,NA,NA,NA,NA,NA,NA,NA,NA,NA,NA,NA,NA,NA,NA,NA,NA,NA,NA,NA,NA,NA,NA,NA,NA,NA,NA,NA,NA,NA,NA,NA,"ES","0","0"
"353","SL18-UCONN-S48",48,"2019","2019_48","GOM","48","5_30_2019","122",NA,"SL18-LD-5-FG1","LD","SA18-CB-10-MG1","CB","SL18-LD-5-FG1xSA18-CB-10-MG1","LD X CB",1,4,"1",19,"4",2,1.22,0.94,1.29787234,10.29,0.13,0.071765642,55.20434,40,NA,NA,NA,NA,NA,44.8,NA,9.38,NA,NA,NA,NA,NA,NA,NA,NA,NA,NA,NA,NA,NA,NA,NA,NA,NA,NA,NA,NA,NA,NA,NA,NA,NA,NA,NA,NA,NA,NA,NA,NA,34.86,2.46,14.17,44.8,NA,14.17,0.073720187209872,"ES","0","0"
"511","SL18-UCONN-S5",5,"2019","2019_5","GOM","5","5_30_2019","122",NA,"SA18-CB-7-FG1","CB","SL18-LL-9-MG3","LL","SA18-CB-7-FG1xSL18-LL-9-MG3","CB X LL",3,4,"2",38,"7",3,4.66,0.86,5.418604651,8.13,0.38,0.185844913,48.906556,240,NA,NA,NA,NA,NA,51.09,NA,8.47,NA,NA,28.37,11.32,7.18,0.65,1.66,0.34,5.57,0.35,0.38,0.92,185.9533023,27613.81566,9828.787492,663.4272641,2460.115056,7905.850891,172138.8158,8605.236178,552.8305151,11.76333776,0.188876119,1.596655272,8.824509116,64.8876048,38.71789699,0.05196274,38.79590635,677.7211292,0.204558268,0.84071131,21.04,1.49,14.12,51.09,NA,14.12,0.215464474179573,"ES","0","0"
"376","SL18-UCONN-S51",51,"2019","2019_51","GOM","51","5_29_2019","122",NA,"SL18-LD-9-FG2","LD","SL18-SF-13-MG3","SF","SL18-LD-9-FG2xSL18-SF-13-MG3","LD X SF",2,1,"2",26,"5",2,1.15,0.86,1.337209302,9.26,0.11,NA,NA,40,NA,NA,NA,NA,NA,NA,NA,NA,NA,NA,NA,NA,NA,NA,NA,NA,NA,NA,NA,NA,NA,NA,NA,NA,NA,NA,NA,NA,NA,NA,NA,NA,NA,NA,NA,NA,NA,NA,NA,NA,NA,NA,NA,NA,NA,NA,NA,"ES","0","0"
"571","SL18-UCONN-S53",53,"2019","2019_53","GOM","53","5_30_2019","122",NA,"SL18-LD-9-FG3","LD","SL18-NL-7-MG1","NL","SL18-LD-9-FG3xSL18-NL-7-MG1","LD X NL",2,1,"3",31,"6",3,1.18,0.71,1.661971831,9.87,0.12,NA,NA,20,NA,NA,NA,NA,NA,NA,NA,NA,NA,NA,NA,NA,NA,NA,NA,NA,NA,NA,NA,NA,NA,NA,NA,NA,NA,NA,NA,NA,NA,NA,NA,NA,NA,NA,NA,NA,NA,NA,NA,NA,NA,NA,NA,NA,NA,NA,NA,"ES","0","0"
"465","SL18-UCONN-S54",54,"2019","2019_54","GOM","54","5_31_2019","122",NA,"SL18-LD-9-FG3","LD","SL18-SF-17-MG1","SF","SL18-LD-9-FG3xSL18-SF-17-MG1","LD X SF",1,4,"4",41,"7",3,3.21,0.9,3.566666667,8.91,0.29,0.164515979,56.729648,340,NA,NA,NA,NA,NA,43.27,NA,9.08,NA,NA,NA,NA,NA,NA,NA,NA,NA,NA,NA,NA,259.4178572,38250.92316,11717.42134,36.72118136,3861.945317,12124.14734,90720.79425,12334.97716,76.52268846,6.416793229,0.154999318,0.827356682,1.088640113,231.6243317,41.19691,0.1075143,19.00684843,645.5231878,0.211617702,1.154990434,25.07,1.67,15.01,43.27,NA,15.01,0.180282267016849,"ES","0","0"
"572","SL18-UCONN-S56",56,"2019","2019_56","GOM","56","5_30_2019","122",NA,"SL18-LL-9-FG3","LL","SL18-NL-9-MG1","NL","SL18-LL-9-FG3xSL18-NL-9-MG1","LL X NL",2,1,"1",13,"3",3,0.4,0.73,0.547945205,0,0,NA,NA,220,NA,NA,NA,NA,NA,NA,NA,NA,NA,NA,NA,NA,NA,NA,NA,NA,NA,NA,NA,NA,NA,NA,NA,NA,NA,NA,NA,NA,NA,NA,NA,NA,NA,NA,NA,NA,NA,NA,NA,NA,NA,NA,NA,NA,NA,NA,NA,"ES","0","0"
"573","SL18-UCONN-S57",57,"2019","2019_57","GOM","57","5_30_2019","122",NA,"SL18-NL-10-FG1","NL","SA18-CB-4-MG3","CB","SL18-NL-10-FG1xSA18-CB-4-MG3","NL X CB",3,4,"3",13,"3",3,5.76,0.68,8.470588235,4.15,0.24,NA,NA,480,NA,NA,NA,NA,NA,NA,NA,NA,NA,NA,NA,NA,NA,NA,NA,NA,NA,NA,NA,NA,NA,NA,NA,NA,NA,NA,NA,NA,NA,NA,NA,NA,NA,NA,NA,NA,NA,NA,NA,NA,NA,NA,NA,NA,NA,NA,NA,"ES","0","0"
"377","SL18-UCONN-S58",58,"2019","2019_58","GOM","58","5_29_2019","122",NA,"SL18-NL-10-FG1","NL","SL18-LD-2-MG1","LD","SL18-NL-10-FG1xSL18-LD-2-MG1","NL X LD",2,1,"2",46,"8",2,0.54,0.94,0.574468085,12.34,0.07,NA,NA,120,NA,NA,NA,NA,NA,NA,NA,NA,NA,NA,NA,NA,NA,NA,NA,NA,NA,NA,NA,NA,NA,NA,NA,NA,NA,NA,NA,NA,NA,NA,NA,NA,NA,NA,NA,NA,NA,NA,NA,NA,NA,NA,NA,NA,NA,NA,NA,"ES","0","0"
"574","SL18-UCONN-S6",6,"2019","2019_6","GOM","6","5_31_2019","122",NA,"SL18-LD-10-FG1","LD","SA18-CB-1-MG2","CB","SL18-LD-10-FG1xSA18-CB-1-MG2","LD X CB",2,1,"3",46,"8",3,2.69,0.93,2.892473118,9.78,0.26,NA,NA,320,NA,NA,NA,NA,NA,NA,NA,NA,NA,NA,NA,NA,NA,NA,NA,NA,NA,NA,NA,NA,NA,NA,NA,NA,NA,NA,NA,NA,NA,NA,NA,NA,NA,NA,NA,NA,NA,NA,NA,NA,NA,NA,NA,NA,NA,NA,NA,"ES","0","0"
"489","SL18-UCONN-S60",60,"2019","2019_60","GOM","60","5_30_2019","122",NA,"SL18-NL-10-FG1","NL","SL18-OI-15-MG1","OI","SL18-NL-10-FG1xSL18-OI-15-MG1","NL X OI",3,4,"1",18,"3",3,4.42,0.93,4.752688172,8.49,0.38,0.200791533,52.839877,260,NA,NA,NA,NA,NA,47.16,NA,8.63,NA,NA,NA,NA,NA,NA,NA,NA,NA,NA,NA,NA,167.4601443,35459.17979,11375.09132,58.51035191,4714.596265,11632.00488,136827.0855,10903.82844,146.523036,4.500908067,0.095848182,0.277614252,1.293197651,52.78875178,48.51940447,0.141352707,27.60674259,705.4778779,0.208084904,0.695921144,23.81,1.84,12.94,47.16,NA,12.94,0.2132111045142,"ES","0","0"
"504","SL18-UCONN-S62",61,"2019","2019_62","GOM","62","5_29_2019","122",NA,"SL18-NL-10-FG1","NL","SL18-OI-7-MG1","OI","SL18-NL-10-FG1xSL18-OI-7-MG1","NL X OI",2,4,"2",23,"4",3,4.24,0.89,4.764044944,8.02,0.34,0.172499411,50.735121,580,NA,NA,NA,NA,NA,49.26,NA,8.47,NA,NA,NA,NA,NA,NA,NA,NA,NA,NA,NA,NA,190.916506,20488.04683,7901.136579,60.04971909,4073.903948,10221.81648,205125.6194,10030.09974,131.3794346,7.68698314,0.094129102,0.37659839,2.033647151,56.90333014,35.14922047,0.146612987,37.90099684,598.9517782,0.164072848,0.604546473,20.6,1.67,12.34,49.26,NA,12.34,0.193865567647765,"ES","0","0"
"508","SL18-UCONN-S63",62,"2019","2019_63","GOM","63","5_31_2019","122",NA,"SL18-NL-10-FG1","NL","SL18-SF-13-MG1","SF","SL18-NL-10-FG1xSL18-SF-13-MG1","NL X SF",2,4,"4",29,"5",3,4.04,0.94,4.29787234,8.19,0.33,0.165168977,50.051205,420,NA,NA,NA,NA,NA,49.95,NA,7.72,NA,NA,NA,NA,NA,NA,NA,NA,NA,NA,NA,NA,115.5393151,43325.89976,12124.26916,69.34122461,3174.837453,12476.15825,181622.9155,12032.97199,167.8438212,6.037401516,0.106627636,0.280444615,1.477967147,47.90764298,40.96378303,0.172152825,36.80118514,621.9614328,0.283535912,0.631063303,22.81,2.06,11.07,49.95,NA,11.07,0.176173870195323,"ES","0","0"
"378","SL18-UCONN-S72",71,"2019","2019_72","GOM","72","5_30_2019","122",NA,"SL18-NL-10-FG3","NL","SL18-NL-3-MG2","NL","SL18-NL-10-FG3xSL18-NL-3-MG2","NL X NL",2,4,"1",40,"7",2,0.43,0.91,0.472527473,10,0.04,NA,NA,100,NA,NA,NA,NA,NA,NA,NA,NA,NA,NA,NA,NA,NA,NA,NA,NA,NA,NA,NA,NA,NA,NA,NA,NA,NA,NA,NA,NA,NA,NA,NA,NA,NA,NA,NA,NA,NA,NA,NA,NA,NA,NA,NA,NA,NA,NA,NA,"ES","1","0"
"507","SL18-UCONN-S73",72,"2019","2019_73","GOM","73","5_29_2019","122",NA,"SL18-NL-2-FG1","NL","SA18-CB-1-MG2","CB","SL18-NL-2-FG1xSA18-CB-1-MG2","NL X CB",2,1,"2",49,"9",3,4.54,0.93,4.88172043,8.26,0.38,0.190372791,50.098103,320,NA,NA,NA,NA,NA,49.9,NA,7.99,NA,NA,NA,NA,NA,NA,NA,NA,NA,NA,NA,NA,330.0777825,25561.49387,8095.245712,1967.068029,3549.255654,9452.980557,196297.5127,9315.100119,84.20346803,9.525538486,0.13408874,0.382730032,5.94722635,21.53663117,48.83415755,0.130335372,34.07968308,549.4662574,0.348043416,0.54820059,22.18,1.57,14.13,49.9,NA,14.13,0.202018283866518,"ES","0","0"
"575","SL18-UCONN-S75",74,"2019","2019_75","GOM","75","5_31_2019","122",NA,"SL18-NL-2-FG1","NL","SL18-LD-13-MG2","LD","SL18-NL-2-FG1xSL18-LD-13-MG2","NL X LD",2,4,"3",38,"7",3,3.27,0.86,3.802325581,9.37,0.31,NA,NA,520,NA,NA,NA,NA,NA,NA,NA,NA,NA,NA,NA,NA,NA,NA,NA,NA,NA,NA,NA,NA,NA,NA,NA,NA,NA,NA,NA,NA,NA,NA,NA,NA,NA,NA,NA,NA,NA,NA,NA,NA,NA,NA,NA,NA,NA,NA,NA,"ES","0","0"
"478","SL18-UCONN-S76",75,"2019","2019_76","GOM","76","5_30_2019","122",NA,"SL18-NL-2-FG1","NL","SL18-SF-17-MG1","SF","SL18-NL-2-FG1xSL18-SF-17-MG1","NL X SF",1,4,"3",12,"2",3,3.54,0.88,4.022727273,11.91,0.42,0.231951909,55.226645,220,NA,NA,NA,NA,NA,44.77,NA,9.35,NA,NA,32.25,12.07,7.39,0.86,3.84,0.52,5.99,0.29,0.43,0.85,158.4805601,39562.27189,13866.63213,50.52172244,2419.768088,11125.67897,89597.77443,10388.04008,210.9302848,5.250610781,0.066179021,0.200795218,0.95558388,50.84346506,31.12031337,0.069455737,26.79436433,813.10714,0.253465677,1.53190863,23.77,1.76,13.51,44.77,NA,13.51,0.264610695699758,"ES","0","0"
"576","SL18-UCONN-S77",76,"2019","2019_77","GOM","77","5_31_2019","122",NA,"SL18-NL-2-FG3","NL","SA18-CB-2-MG3","CB","SL18-NL-2-FG3xSA18-CB-2-MG3","NL X CB",1,1,"4",6,"1",3,1.78,0.89,2,9.65,0.17,NA,NA,120,NA,NA,NA,NA,NA,NA,NA,NA,NA,NA,NA,NA,NA,NA,NA,NA,NA,NA,NA,NA,NA,NA,NA,NA,NA,NA,NA,NA,NA,NA,NA,NA,NA,NA,NA,NA,NA,NA,NA,NA,NA,NA,NA,NA,NA,NA,NA,"ES","0","0"
"577","SL18-UCONN-S78",77,"2019","2019_78","GOM","78","5_29_2019","122",NA,"SL18-NL-2-FG3","NL","SA18-CB-4-MG1","CB","SL18-NL-2-FG3xSA18-CB-4-MG1","NL X CB",1,1,"2",13,"3",3,1.28,0.82,1.56097561,7.78,0.1,NA,NA,40,NA,NA,NA,NA,NA,NA,NA,NA,NA,NA,NA,NA,NA,NA,NA,NA,NA,NA,NA,NA,NA,NA,NA,NA,NA,NA,NA,NA,NA,NA,NA,NA,NA,NA,NA,NA,NA,NA,NA,NA,NA,NA,NA,NA,NA,NA,NA,"ES","0","0"
"578","SL18-UCONN-S79",78,"2019","2019_79","GOM","79","5_31_2019","122",NA,"SL18-NL-2-FG3","NL","SL18-LD-3-MG2","LD","SL18-NL-2-FG3xSL18-LD-3-MG2","NL X LD",2,1,"4",24,"4",3,1.31,0.73,1.794520548,9.38,0.12,NA,NA,NA,NA,NA,NA,NA,NA,NA,NA,NA,NA,NA,NA,NA,NA,NA,NA,NA,NA,NA,NA,NA,NA,NA,NA,NA,NA,NA,NA,NA,NA,NA,NA,NA,NA,NA,NA,NA,NA,NA,NA,NA,NA,NA,NA,NA,NA,NA,NA,"ES","0","0"
"579","SL18-UCONN-S80",79,"2019","2019_80","GOM","80","5_31_2019","122",NA,"SL18-NL-2-FG3","NL","SL18-OI-16-MG1","OI","SL18-NL-2-FG3xSL18-OI-16-MG1","NL X OI",2,4,"4",16,"3",3,3.58,0.84,4.261904762,8.47,0.3,NA,NA,280,NA,NA,NA,NA,NA,NA,NA,NA,NA,NA,NA,NA,NA,NA,NA,NA,NA,NA,NA,NA,NA,NA,NA,NA,NA,NA,NA,NA,NA,NA,NA,NA,NA,NA,NA,NA,NA,NA,NA,NA,NA,NA,NA,NA,NA,NA,NA,"ES","0","0"
"494","SL18-UCONN-S82",81,"2019","2019_82","GOM","82","5_30_2019","122",NA,"SL18-NL-3-FG1","NL","SA18-CB-7-MG2","CB","SL18-NL-3-FG1xSA18-CB-7-MG2","NL X CB",2,4,"3",15,"3",3,4.7,0.95,4.947368421,9.07,0.43,0.22629088,52.625786,240,NA,NA,NA,NA,NA,47.37,NA,8.86,NA,NA,33.16,12.03,7.48,0.84,5.22,0.51,5.75,0.22,0.36,0.75,199.2248987,31313.76966,11902.59233,71.35986184,2579.924958,8938.300656,116027.4209,9735.298375,283.4533742,6.333281105,0.087415303,0.495767922,1.09585413,69.69441484,37.92980731,0.062340288,31.46342633,792.5645882,0.202160931,0.925306097,22.44,1.52,14.76,47.37,NA,14.76,0.236164659997488,"ES","0","0"
"580","SL18-UCONN-S84",83,"2019","2019_84","GOM","84","5_31_2019","122",NA,"SL18-NL-3-FG1","NL","SL18-OI-11-MG2","OI","SL18-NL-3-FG1xSL18-OI-11-MG2","NL X OI",3,1,"4",10,"2",3,2.66,1.2,2.216666667,9.75,0.26,NA,NA,280,NA,NA,NA,NA,NA,NA,NA,NA,NA,NA,NA,NA,NA,NA,NA,NA,NA,NA,NA,NA,NA,NA,NA,NA,NA,NA,NA,NA,NA,NA,NA,NA,NA,NA,NA,NA,NA,NA,NA,NA,NA,NA,NA,NA,NA,NA,NA,"ES","0","0"
"581","SL18-UCONN-S85",84,"2019","2019_85","GOM","85","5_31_2019","122",NA,"SL18-NL-3-FG1","NL","SL18-SF-13-MG2","SF","SL18-NL-3-FG1xSL18-SF-13-MG2","NL X SF",3,1,"4",27,"5",3,1.68,0.92,1.826086957,12.06,0.2,NA,NA,160,NA,NA,NA,NA,NA,NA,NA,NA,NA,NA,NA,NA,NA,NA,NA,NA,NA,NA,NA,NA,NA,NA,NA,NA,NA,NA,NA,NA,NA,NA,NA,NA,NA,NA,NA,NA,NA,NA,NA,NA,NA,NA,NA,NA,NA,NA,NA,"ES","0","0"
"515","SL18-UCONN-S87",86,"2019","2019_87","GOM","87","5_31_2019","122",NA,"SL18-NL-3-FG2","NL","SL18-SF-17-MG2","SF","SL18-NL-3-FG2xSL18-SF-17-MG2","NL X SF",2,4,"4",48,"8",3,6.16,0.87,7.08045977,7.45,0.46,0.211413065,45.959362,480,NA,NA,NA,NA,NA,54.04,NA,7.23,NA,NA,NA,NA,NA,NA,NA,NA,NA,NA,NA,NA,127.3258038,33566.00576,13112.07767,180.4938854,3989.169194,13431.33876,140960.737,12532.50838,460.4704807,9.977313599,0.160491822,0.780645524,6.413658311,100.7870651,41.01204462,0.057852783,38.88477984,1073.235328,0.279257452,1.658110347,22.64,2.09,10.83,54.04,NA,10.83,0.242436358616754,"ES","0","0"
"582","SL18-UCONN-S88",87,"2019","2019_88","GOM","88","5_31_2019","122",NA,"SL18-NL-3-FG3","NL","SA18-CB-2-MG2","CB","SL18-NL-3-FG3xSA18-CB-2-MG2","NL X CB",1,1,"4",44,"8",3,1.74,1.03,1.689320388,9.49,0.17,NA,NA,140,NA,NA,NA,NA,NA,NA,NA,NA,NA,NA,NA,NA,NA,NA,NA,NA,NA,NA,NA,NA,NA,NA,NA,NA,NA,NA,NA,NA,NA,NA,NA,NA,NA,NA,NA,NA,NA,NA,NA,NA,NA,NA,NA,NA,NA,NA,NA,"ES","0","0"
"583","SL18-UCONN-S9",9,"2019","2019_9","GOM","9","5_29_2019","122",NA,"SL18-LD-10-FG1","LD","SL18-OI-18-MG1","OI","SL18-LD-10-FG1xSL18-OI-18-MG1","LD X OI",1,1,"2",3,"1",3,1.33,0.8,1.6625,11.87,0.16,NA,NA,80,NA,NA,NA,NA,NA,NA,NA,NA,NA,NA,NA,NA,NA,NA,NA,NA,NA,NA,NA,NA,NA,NA,NA,NA,NA,NA,NA,NA,NA,NA,NA,NA,NA,NA,NA,NA,NA,NA,NA,NA,NA,NA,NA,NA,NA,NA,NA,"ES","0","0"
"516","SL18-UCONN-S94",93,"2019","2019_94","GOM","94","5_29_2019","122",NA,"SL18-NL-6-FG1","NL","SA18-CB-3-MG3","CB","SL18-NL-6-FG1xSA18-CB-3-MG3","NL X CB",3,4,"2",10,"2",3,7.62,1.08,7.055555556,6.24,0.48,0.215195078,44.832308,620,22.88,2.7,2.2,0.6,16.46,55.17,NA,6.18,8.31,7.72,NA,NA,NA,NA,NA,NA,NA,NA,NA,NA,189.4699922,29285.31589,10945.60841,93.21525768,3776.696817,8411.592872,191020.143,10041.39538,259.1839934,8.253015361,0.10767806,0.763809216,1.689455727,450.3322065,46.29123556,0.080100437,43.47285991,799.8571882,0.28780784,1.335055281,21.29,1.98,10.75,55.17,10.4,10.575,0.1973715466791,"ES","0","0"
"506","SL18-UCONN-S95",94,"2019","2019_95","GOM","95","5_30_2019","122",NA,"SL18-NL-6-FG1","NL","SA18-CB-7-MG2","CB","SL18-NL-6-FG1xSA18-CB-7-MG2","NL X CB",2,4,"2",35,"6",3,5.3,0.89,5.95505618,8.75,0.46,0.230471675,50.102538,400,NA,NA,NA,NA,NA,49.9,NA,7.6,NA,NA,NA,NA,NA,NA,NA,NA,NA,NA,NA,NA,141.716921,24167.56119,7558.650705,38.37018131,2373.940153,10227.45011,214782.4916,10156.07382,157.0310222,5.939430795,0.111542332,0.31306225,0.869943218,121.348148,27.49859808,0.18101406,40.26742821,601.2854822,0.173771202,0.857741902,22.36,1.71,13.08,49.9,NA,13.08,0.26105477529075,"ES","0","0"
"584","SL18-UCONN-S96",95,"2019","2019_96","GOM","96","5_30_2019","122",NA,"SL18-NL-6-FG1","NL","SL18-LD-1-MG2","LD","SL18-NL-6-FG1xSL18-LD-1-MG2","NL X LD",2,1,"1",7,"2",3,2.05,0.91,2.252747253,8.96,0.18,NA,NA,360,NA,NA,NA,NA,NA,NA,NA,NA,NA,NA,NA,NA,NA,NA,NA,NA,NA,NA,NA,NA,NA,NA,NA,NA,NA,NA,NA,NA,NA,NA,NA,NA,NA,NA,NA,NA,NA,NA,NA,NA,NA,NA,NA,NA,NA,NA,NA,"ES","0","0"
"585","SL18-UCONN-S97",96,"2019","2019_97","GOM","97","5_30_2019","122",NA,"SL18-NL-6-FG1","NL","SL18-LD-2-MG1","LD","SL18-NL-6-FG1xSL18-LD-2-MG1","NL X LD",2,4,"2",28,"5",3,3.58,0.92,3.891304348,7.67,0.27,NA,NA,400,NA,NA,NA,NA,NA,NA,NA,NA,NA,NA,NA,NA,NA,NA,NA,NA,NA,NA,NA,NA,NA,NA,NA,NA,NA,NA,NA,NA,NA,NA,NA,NA,NA,NA,NA,NA,NA,NA,NA,NA,NA,NA,NA,NA,NA,NA,NA,"ES","0","0"
"514","SL18-UCONN-S98",97,"2019","2019_98","GOM","98","5_30_2019","122",NA,"SL18-NL-6-FG1","NL","SL18-LD-3-MG2","LD","SL18-NL-6-FG1xSL18-LD-3-MG2","NL X LD",3,4,"3",27,"5",3,4.51,0.88,5.125,7.7,0.35,0.168831058,48.237445,600,NA,NA,NA,NA,NA,51.76,NA,7.64,NA,NA,NA,NA,NA,NA,NA,NA,NA,NA,NA,NA,214.3984777,27204.29791,9606.35709,215.125649,4917.025402,11942.81796,135126.0907,11630.73072,428.3732542,12.25856515,0.210587895,0.50057763,1.47481697,42.87635994,37.52314831,0.110592901,27.41034364,732.9172882,0.223695062,1.211799324,22.05,1.69,13.05,51.76,NA,13.05,0.1903671,"ES","0","0"
"586","SL18-UCONN-S99",98,"2019","2019_99","GOM","99","5_30_2019","122",NA,"SL18-NL-6-FG1","NL","SL18-NL-2-MG1","NL","SL18-NL-6-FG1xSL18-NL-2-MG1","NL X NL",2,4,"1",34,"6",3,2.69,0.94,2.861702128,9.09,0.24,NA,NA,420,NA,NA,NA,NA,NA,NA,NA,NA,NA,NA,NA,NA,NA,NA,NA,NA,NA,NA,NA,NA,NA,NA,NA,NA,NA,NA,NA,NA,NA,NA,NA,NA,NA,NA,NA,NA,NA,NA,NA,NA,NA,NA,NA,NA,NA,NA,NA,"ES","1","0"
"519","Check",570,"2019","Z1-A","GOM","C1-A","5_29_2019","122",NA,"SL18-ME-1-FG1","ME","SL18-ME-1-MG1","ME","SL18-ME-1-FG1xSL18-ME-1-MG1","ME X ME",1,1,"2",47,"8",3,2.71,0.86,3.151162791,10.96,0.3,NA,NA,480,NA,NA,NA,NA,NA,NA,NA,NA,NA,NA,NA,NA,NA,NA,NA,NA,NA,NA,NA,NA,NA,NA,NA,NA,NA,NA,NA,NA,NA,NA,NA,NA,NA,NA,NA,NA,NA,NA,NA,NA,NA,NA,NA,NA,NA,NA,NA,"Z1","1","1"
"520","Check",571,"2019","Z1-B","GOM","C1-B","5_29_2019","122",NA,"SL18-ME-1-FG1","ME","SL18-ME-1-MG1","ME","SL18-ME-1-FG1xSL18-ME-1-MG1","ME X ME",1,1,"2",8,"2",3,2.09,0.56,3.732142857,13.88,0.29,NA,NA,200,NA,NA,NA,NA,NA,NA,NA,NA,NA,NA,NA,NA,NA,NA,NA,NA,NA,NA,NA,NA,NA,NA,NA,NA,NA,NA,NA,NA,NA,NA,NA,NA,NA,NA,NA,NA,NA,NA,NA,NA,NA,NA,NA,NA,NA,NA,NA,"Z1","1","1"
"521","Check",572,"2019","Z1-C","GOM","C1-C","5_29_2019","122",NA,"SL18-ME-1-FG1","ME","SL18-ME-1-MG1","ME","SL18-ME-1-FG1xSL18-ME-1-MG1","ME X ME",1,1,"2",22,"4",3,3.87,0.9,4.3,8.09,0.31,NA,NA,480,NA,NA,NA,NA,NA,NA,NA,NA,NA,NA,NA,NA,NA,NA,NA,NA,NA,NA,NA,NA,NA,NA,NA,NA,NA,NA,NA,NA,NA,NA,NA,NA,NA,NA,NA,NA,NA,NA,NA,NA,NA,NA,NA,NA,NA,NA,NA,"Z1","1","1"
"522","Check",573,"2019","Z1-D","GOM","C1-D","5_30_2019","122",NA,"SL18-ME-1-FG1","ME","SL18-ME-1-MG1","ME","SL18-ME-1-FG1xSL18-ME-1-MG1","ME X ME",2,1,"1",25,"5",3,1.15,0.85,1.352941176,9.1,0.1,NA,NA,140,NA,NA,NA,NA,NA,NA,NA,NA,NA,NA,NA,NA,NA,NA,NA,NA,NA,NA,NA,NA,NA,NA,NA,NA,NA,NA,NA,NA,NA,NA,NA,NA,NA,NA,NA,NA,NA,NA,NA,NA,NA,NA,NA,NA,NA,NA,NA,"Z1","1","1"
"523","Check",574,"2019","Z1-E","GOM","C1-E","5_30_2019","122",NA,"SL18-ME-1-FG1","ME","SL18-ME-1-MG1","ME","SL18-ME-1-FG1xSL18-ME-1-MG1","ME X ME",1,1,"1",45,"8",3,2.02,0.94,2.14893617,8.25,0.17,NA,NA,260,NA,NA,NA,NA,NA,NA,NA,NA,NA,NA,NA,NA,NA,NA,NA,NA,NA,NA,NA,NA,NA,NA,NA,NA,NA,NA,NA,NA,NA,NA,NA,NA,NA,NA,NA,NA,NA,NA,NA,NA,NA,NA,NA,NA,NA,NA,NA,"Z1","1","1"
"524","Check",575,"2019","Z1-F","GOM","C1-F","5_30_2019","122",NA,"SL18-ME-1-FG1","ME","SL18-ME-1-MG1","ME","SL18-ME-1-FG1xSL18-ME-1-MG1","ME X ME",2,1,"3",6,"1",3,4.41,0.87,5.068965517,9.31,0.41,NA,NA,300,NA,NA,NA,NA,NA,NA,NA,NA,NA,NA,NA,NA,NA,NA,NA,NA,NA,NA,NA,NA,NA,NA,NA,NA,NA,NA,NA,NA,NA,NA,NA,NA,NA,NA,NA,NA,NA,NA,NA,NA,26,1.96,13.27,NA,NA,13.27,NA,"Z1","1","1"
"525","Check",576,"2019","Z1-G","GOM","C1-G","5_31_2019","122",NA,"SL18-ME-1-FG1","ME","SL18-ME-1-MG1","ME","SL18-ME-1-FG1xSL18-ME-1-MG1","ME X ME",2,1,"4",32,"6",3,2.64,0.8,3.3,7.73,0.2,NA,NA,240,NA,NA,NA,NA,NA,NA,NA,NA,NA,NA,NA,NA,NA,NA,NA,NA,NA,NA,NA,NA,NA,NA,NA,NA,NA,NA,NA,NA,NA,NA,NA,NA,NA,NA,NA,NA,NA,NA,NA,NA,NA,NA,NA,NA,NA,NA,NA,"Z1","1","1"
"432","Check",577,"2019","Z1-H","GOM","C1-H","5_31_2019","122",NA,"SL18-ME-1-FG1","ME","SL18-ME-1-MG1","ME","SL18-ME-1-FG1xSL18-ME-1-MG1","ME X ME",2,1,"4",38,"7",3,3.67,0.84,4.369047619,10.2,0.37,0.228105,61.65,260,NA,NA,NA,NA,NA,38.35,NA,NA,NA,NA,NA,NA,NA,NA,NA,NA,NA,NA,NA,NA,146.8926042,22787.92054,7366.960789,70.2997273,2747.196269,9470.36548,104659.2555,8764.280421,211.6597553,9.954417242,0.142729306,0.771933401,1.384031836,48.52747717,23.15405822,0.094785441,22.50467578,490.4569618,0.163337872,1.260414161,25.26,2.05,12.32,38.35,NA,12.32,0.274738821425577,"Z1","1","1"
"526","Check",578,"2019","Z1-I","GOM","C1-I","5_31_2019","122",NA,"SL18-ME-1-FG1","ME","SL18-ME-1-MG1","ME","SL18-ME-1-FG1xSL18-ME-1-MG1","ME X ME",1,1,"4",49,"9",3,3.65,0.84,4.345238095,8.6,0.31,NA,NA,420,NA,NA,NA,NA,NA,NA,NA,NA,NA,NA,NA,NA,NA,NA,NA,NA,NA,NA,NA,NA,NA,NA,NA,NA,NA,NA,NA,NA,NA,NA,NA,NA,NA,NA,NA,NA,NA,NA,NA,NA,NA,NA,NA,NA,NA,NA,NA,"Z1","1","1"
"527","Check",579,"2019","Z1-J","GOM","C1-J","5_31_2019","122",NA,"SL18-ME-1-FG1","ME","SL18-ME-1-MG1","ME","SL18-ME-1-FG1xSL18-ME-1-MG1","ME X ME",1,1,"4",15,"3",3,2.34,0.71,3.295774648,9.37,0.22,NA,NA,660,NA,NA,NA,NA,NA,NA,NA,NA,NA,NA,NA,NA,NA,NA,NA,NA,NA,NA,NA,NA,NA,NA,NA,NA,NA,NA,NA,NA,NA,NA,NA,NA,NA,NA,NA,NA,NA,NA,NA,NA,NA,NA,NA,NA,NA,NA,NA,"Z1","1","1"
"528","Check",580,"2019","Z2-A","GOM","C2-A","5_29_2019","122",NA,"SL18-ME-1-FG1","ME","SL18-ME-2-MG2","ME","SL18-ME-1-FG1xSL18-ME-2-MG2","ME X ME",1,1,"2",18,"3",3,1.75,0.87,2.011494253,9.94,0.17,NA,NA,240,NA,NA,NA,NA,NA,NA,NA,NA,NA,NA,NA,NA,NA,NA,NA,NA,NA,NA,NA,NA,NA,NA,NA,NA,NA,NA,NA,NA,NA,NA,NA,NA,NA,NA,NA,NA,NA,NA,NA,NA,NA,NA,NA,NA,NA,NA,NA,"Z2","1","0"
"529","Check",581,"2019","Z2-B","GOM","C2-B","5_30_2019","122",NA,"SL18-ME-1-FG1","ME","SL18-ME-2-MG2","ME","SL18-ME-1-FG1xSL18-ME-2-MG2","ME X ME",1,1,"1",52,"9",3,1.56,0.89,1.752808989,10.44,0.16,NA,NA,40,NA,NA,NA,NA,NA,NA,NA,NA,NA,NA,NA,NA,NA,NA,NA,NA,NA,NA,NA,NA,NA,NA,NA,NA,NA,NA,NA,NA,NA,NA,NA,NA,NA,NA,NA,NA,NA,NA,NA,NA,NA,NA,NA,NA,NA,NA,NA,"Z2","1","0"
"518","Check",583,"2019","Z2-D","GOM","C2-D","5_30_2019","122",NA,"SL18-ME-1-FG1","ME","SL18-ME-2-MG2","ME","SL18-ME-1-FG1xSL18-ME-2-MG2","ME X ME",1,1,"3",28,"5",3,2.83,1.05,2.695238095,7.81,0.22,NA,NA,160,NA,NA,NA,NA,NA,NA,NA,NA,NA,NA,NA,NA,NA,NA,NA,NA,NA,NA,NA,NA,NA,NA,NA,NA,NA,NA,NA,NA,NA,NA,NA,NA,NA,NA,NA,NA,NA,NA,NA,NA,NA,NA,NA,NA,NA,NA,NA,"Z2","1","0"
"530","Check",584,"2019","Z2-E","GOM","C2-E","5_31_2019","122",NA,"SL18-ME-1-FG1","ME","SL18-ME-2-MG2","ME","SL18-ME-1-FG1xSL18-ME-2-MG2","ME X ME",1,1,"3",40,"7",3,2.5,0.87,2.873563218,4.97,0.12,NA,NA,200,NA,NA,NA,NA,NA,NA,NA,NA,NA,NA,NA,NA,NA,NA,NA,NA,NA,NA,NA,NA,NA,NA,NA,NA,NA,NA,NA,NA,NA,NA,NA,NA,NA,NA,NA,NA,NA,NA,NA,NA,NA,NA,NA,NA,NA,NA,NA,"Z2","1","0"
"428","Check",585,"2019","Z2-F","GOM","C2-F","5_31_2019","122",NA,"SL18-ME-1-FG1","ME","SL18-ME-2-MG2","ME","SL18-ME-1-FG1xSL18-ME-2-MG2","ME X ME",1,1,"3",45,"8",3,2.36,0.82,2.87804878,10.21,0.24,0.14928,62.2,120,NA,NA,NA,NA,NA,37.8,NA,NA,NA,NA,NA,NA,NA,NA,NA,NA,NA,NA,NA,NA,142.3404027,37492.80521,11800.05972,198.643911,2740.142319,11326.71403,81141.21028,11314.21868,418.7126791,12.68199877,0.290627375,2.62147728,1.914622802,54.49505745,22.82882605,0.111304897,18.37588443,603.1217585,0.22023041,0.851081412,27.44,1.91,14.37,37.8,NA,14.37,0.182773941432436,"Z2","1","0"
"436","Check",586,"2019","Z2-G","GOM","C2-G","5_31_2019","122",NA,"SL18-ME-1-FG1","ME","SL18-ME-2-MG2","ME","SL18-ME-1-FG1xSL18-ME-2-MG2","ME X ME",1,1,"4",8,"2",3,3.06,0.87,3.517241379,9.82,0.3,0.18144,60.48,220,NA,NA,NA,NA,NA,39.52,NA,NA,NA,NA,NA,NA,NA,NA,NA,NA,NA,NA,NA,NA,221.6931204,29173.85891,8729.291904,85.30169418,2630.057769,9534.187517,122042.6751,9265.780417,142.6780979,6.434395044,0.094529379,0.240449273,2.130153109,23.10106867,22.99731789,0.117120749,27.18187818,497.4766192,0.211975963,0.461492742,28.32,1.75,16.18,39.52,NA,16.18,0.208893748947085,"Z2","1","0"
"355","Check",587,"2019","Z2-H","GOM","C2-H","5_31_2019","122",NA,"SL18-ME-1-FG1","ME","SL18-ME-2-MG2","ME","SL18-ME-1-FG1xSL18-ME-2-MG2","ME X ME",2,1,"4",20,"4",2,1.15,0.84,1.369047619,10.92,0.13,NA,NA,180,NA,NA,NA,NA,NA,NA,NA,NA,NA,NA,NA,NA,NA,NA,NA,NA,NA,NA,NA,NA,NA,NA,NA,NA,NA,NA,NA,NA,NA,NA,NA,NA,NA,NA,NA,NA,NA,NA,NA,NA,NA,NA,NA,NA,NA,NA,NA,"Z2","1","0"
