"","crossID","femaPar","femaParLoc","malePar","maleParLoc","CrossLoc","Region","PlantingDens","development","line","position","block","PhotoScore","wetWgtPlot","lengthPlot","wetWgtPerM","percDryWgt","dryWgtPerM","densityBlades","Order_1","plotNo","Year","Crosses","CrossLoc.1","popChk","withinLoc","isSelf"
"1","SL20_UCONN_S1","SL18-JS-19-FG5","JS","SL18-OI-4-MG1","OI","JS x OI","GOM",NA,NA,"1",1,"1",2,9.2,0.735,12.52,10.26039495,1.284294333,93.75,"1","2021_1","2021","SL18-JS-19-FG5xSL18-OI-4-MG1","JS x OI","ES","0","0"
"3","SL20_UCONN_S3","SA18-CB-7-FG1","CB","SL18-LD-1-MG1","LD","CB x LD","GOM",NA,NA,"1",3,"1",3,14.7,0.82,17.93,10.78329476,1.933102842,175,"3","2021_3","2021","SA18-CB-7-FG1xSL18-LD-1-MG1","CB x LD","ES","0","0"
"4","SL20_UCONN_S4","SL18-UCONN-S157-FG2","UCONN","SL18-OI-17-MG3","OI","UCONN x OI","GOM",NA,NA,"1",4,"1",2,11.26,0.83,13.57,11.68795731,1.585619269,237.5,"4","2021_4","2021","SL18-UCONN-S157-FG2xSL18-OI-17-MG3","UCONN x OI","ES","0","0"
"6","SL20_UCONN_S6","SL18-CC-3-FG1","CC","SL18-OI-7-MG2","OI","CC x OI","GOM",NA,NA,"1",6,"1",3,18.12,0.825,21.96,10.1218999,2.223137288,131.25,"6","2021_6","2021","SL18-CC-3-FG1xSL18-OI-7-MG2","CC x OI","ES","0","0"
"9","SL20_UCONN_S9","SL18-JS-5-FG1","JS","SL18-CC-7-MG1","CC","JS x CC","GOM",NA,NA,"1",9,"1",3,7.68,0.77,9.97,9.658947425,0.963385925,287.5,"9","2021_9","2021","SL18-JS-5-FG1xSL18-CC-7-MG1","JS x CC","ES","0","0"
"10","SL20_UCONN_S10","SL18-UCONN-S142-FG3","UCONN","SL18-OI-15-MG1","OI","UCONN x OI","GOM",NA,NA,"1",10,"1",3,13.19,0.815,16.18,10.25326097,1.659392788,106.25,"10","2021_10","2021","SL18-UCONN-S142-FG3xSL18-OI-15-MG1","UCONN x OI","ES","0","0"
"18","SL20_UCONN_S18","SA18-CB-10-FG6","CB","SL18-NC-2-MG1","NC","CB x NC","GOM",NA,NA,"1",18,"2",3,24.42,0.85,28.73,14.36224994,4.126189925,562.5,"18","2021_18","2021","SA18-CB-10-FG6xSL18-NC-2-MG1","CB x NC","ES","0","0"
"21","SL20_UCONN_S20","SL18-UCONN-S57-FG2","UCONN","SL18-OI-11-MG3","OI","UCONN x OI","GOM",NA,NA,"1",21,"2",3,11.72,0.835,14.04,9.055777831,1.271062469,181.25,"20","2021_20","2021","SL18-UCONN-S57-FG2xSL18-OI-11-MG3","UCONN x OI","ES","0","0"
"22","SL20_UCONN_S21","SL18-CC-12-FG2","CC","SA18-CB-7-MG1","CB","CC x CB","GOM",NA,NA,"1",22,"2",3,19.76,0.845,23.38,10.42048896,2.436791264,331.25,"21","2021_21","2021","SL18-CC-12-FG2xSA18-CB-7-MG1","CC x CB","ES","0","0"
"27","SL20_UCONN_S26","SL18-CC-12-FG3","CC","SL18-JS-6-MG1","JS","CC x JS","GOM",NA,NA,"1",27,"3",3,14.27,0.85,16.79,9.161989917,1.538136425,200,"26","2021_26","2021","SL18-CC-12-FG3xSL18-JS-6-MG1","CC x JS","ES","0","0"
"29","SL20_UCONN_S28","SL18-CC-5-FG2","CC","SL18-NC-9-MG2","NC","CC x NC","GOM",NA,NA,"1",29,"3",3,15.2,0.9,16.89,9.677447237,1.634413311,350,"28","2021_28","2021","SL18-CC-5-FG2xSL18-NC-9-MG2","CC x NC","ES","0","0"
"40","SL20_UCONN_S38","SL18-JS-5-FG2","JS","SL18-CC-2-MG6","CC","JS x CC","GOM",NA,NA,"1",40,"4",3,12.6,0.871,14.47,9.418398398,1.362477839,212.5,"38","2021_38","2021","SL18-JS-5-FG2xSL18-CC-2-MG6","JS x CC","ES","0","0"
"45","SL20_UCONN_S43","SL18-UCONN-S94-FG3","UCONN","SL18-OI-15-MG1","OI","UCONN x OI","GOM",NA,NA,"1",45,"5",3,7.82,0.815,9.6,9.771431088,0.937577805,350,"43","2021_43","2021","SL18-UCONN-S94-FG3xSL18-OI-15-MG1","UCONN x OI","ES","0","0"
"46","SL20_UCONN_S44","SL18-UCONN-S142-FG2","UCONN","SL18-OI-15-MG1","OI","UCONN x OI","GOM",NA,NA,"1",46,"5",3,9.17,0.76,12.07,9.963171733,1.202135326,112.5,"44","2021_44","2021","SL18-UCONN-S142-FG2xSL18-OI-15-MG1","UCONN x OI","ES","0","0"
"56","SL20_UCONN_S54","SA18-CB-10-FG6","CB","SL18-OI-15-MG2","OI","CB x OI","GOM",NA,NA,"1",56,"6",3,15.4,0.87,17.7,12.00208362,2.124506756,256.25,"54","2021_54","2021","SA18-CB-10-FG6xSL18-OI-15-MG2","CB x OI","ES","0","0"
"65","SL20_UCONN_S62","SL18-JS-6-FG2","JS","SL18-NC-2-MG3","NC","JS x NC","GOM",NA,NA,"1",65,"6",2,4.42,0.885,4.99,10.49884799,0.524349245,93.75,"62","2021_62","2021","SL18-JS-6-FG2xSL18-NC-2-MG3","JS x NC","ES","0","0"
"66","SL20_UCONN_S63","SL18-CC-3-FG2","CC","SL18-OD-6-MG1","OD","CC x OD","GOM",NA,NA,"1",66,"6",3,7.99,0.69,11.58,9.57938088,1.10926454,293.75,"63","2021_63","2021","SL18-CC-3-FG2xSL18-OD-6-MG1","CC x OD","ES","0","0"
"72","SL20_UCONN_S68","SA18-CB-4-FG6","CB","SL18-NC-2-MG3","NC","CB x NC","GOM",NA,NA,"1",72,"7",3,5.17,0.802,6.45,11.04962552,0.712301296,125,"68","2021_68","2021","SA18-CB-4-FG6xSL18-NC-2-MG3","CB x NC","ES","0","0"
"73","SL20_UCONN_S69","SL18-UCONN-S94-FG3","UCONN","SL18-OI-17-MG3","OI","UCONN x OI","GOM",NA,NA,"1",73,"7",3,9.78,0.811,12.06,10.55559869,1.2729193,237.5,"69","2021_69","2021","SL18-UCONN-S94-FG3xSL18-OI-17-MG3","UCONN x OI","ES","0","0"
"74","SL20_UCONN_S70","SL18-UCONN-S2-FG3","UCONN","SL18-NC-2-MG3","NC","UCONN x NC","GOM",NA,NA,"1",74,"7",3,4.83,0.88,5.49,10.18958979,0.55926953,181.25,"70","2021_70","2021","SL18-UCONN-S2-FG3xSL18-NC-2-MG3","UCONN x NC","ES","0","0"
"76","SL20_UCONN_S72","SA18-CB-4-FG6","CB","SL18-NC-2-MG1","NC","CB x NC","GOM",NA,NA,"2",1,"1",3,21.07,0.885,23.81,10.99052121,2.616613355,581.25,"72","2021_72","2021","SA18-CB-4-FG6xSL18-NC-2-MG1","CB x NC","ES","0","0"
"79","SL20_UCONN_S74","SL18-UCONN-S142-FG1","UCONN","SL18-OI-17-MG3","OI","UCONN x OI","GOM",NA,NA,"2",4,"1",3,6.42,0.866,7.41,10.07486946,0.746889861,87.5,"74","2021_74","2021","SL18-UCONN-S142-FG1xSL18-OI-17-MG3","UCONN x OI","ES","0","0"
"80","SL20_UCONN_S75","SL18-CC-9-FG1","CC","SL18-OI-18-MG1","OI","CC x OI","GOM",NA,NA,"2",5,"1",3,10.74,0.86,12.49,10.08603378,1.259581427,187.5,"75","2021_75","2021","SL18-CC-9-FG1xSL18-OI-18-MG1","CC x OI","ES","0","0"
"82","SL20_UCONN_S77","SL18-SF-13-FG2","SF","SL18-NC-2-MG3","NC","SF x NC","GOM",NA,NA,"2",7,"1",2,4.36,0.83,5.25,10.70934967,0.562563428,68.75,"77","2021_77","2021","SL18-SF-13-FG2xSL18-NC-2-MG3","SF x NC","ES","0","0"
"83","SL20_UCONN_S78","SL18-CC-1-FG2","CC","SL18-OI-11-MG2","OI","CC x OI","GOM",NA,NA,"2",8,"1",3,21.5,0.873,24.63,11.09749938,2.733061129,200,"78","2021_78","2021","SL18-CC-1-FG2xSL18-OI-11-MG2","CC x OI","ES","0","0"
"85","SL20_UCONN_S80","SL18-CC-3-FG2","CC","SL18-OI-11-MG3","OI","CC x OI","GOM",NA,NA,"2",10,"1",3,20.9,0.81,25.8,8.925075655,2.302889891,281.25,"80","2021_80","2021","SL18-CC-3-FG2xSL18-OI-11-MG3","CC x OI","ES","0","0"
"96","SL20_UCONN_S90","SL18-JS-16-FG1","JS","SL18-CC-7-MG1","CC","JS x CC","GOM",NA,NA,"2",21,"2",2,6.06,0.86,7.05,9.760544681,0.687777916,75,"90","2021_90","2021","SL18-JS-16-FG1xSL18-CC-7-MG1","JS x CC","ES","0","0"
"98","SL20_UCONN_S92","SL18-JS-9-FG3","JS","SL18-NL-2-MG1","NL","JS x NL","GOM",NA,NA,"2",23,"3",2,2.87,0.79,3.63,10.69698422,0.388611958,81.25,"92","2021_92","2021","SL18-JS-9-FG3xSL18-NL-2-MG1","JS x NL","ES","0","0"
"102","SL20_UCONN_S96","SL18-NC-15-FG2","NC","SL18-OI-11-MG2","OI","NC x OI","GOM",NA,NA,"2",27,"3",3,9.2,0.861,10.69,9.965033679,1.064788732,131.25,"96","2021_96","2021","SL18-NC-15-FG2xSL18-OI-11-MG2","NC x OI","ES","0","0"
"107","SL20_UCONN_S100","SL18-CC-1-FG2","CC","SL18-CC-2-MG6","CC","CC x CC","GOM",NA,NA,"2",32,"3",2,5.51,0.83,6.64,10.11040314,0.671184594,100,"100","2021_100","2021","SL18-CC-1-FG2xSL18-CC-2-MG6","CC x CC","ES","1","0"
"112","SL20_UCONN_S105","SA18-CB-2-FG3","CB","SL18-JS-19-MG1","JS","CB x JS","GOM",NA,NA,"2",37,"4",3,9.57,0.72,13.29,11.2090151,1.489864924,275,"105","2021_105","2021","SA18-CB-2-FG3xSL18-JS-19-MG1","CB x JS","ES","0","0"
"114","SL20_UCONN_S107","SL18-CC-5-FG3","CC","SL18-NC-2-MG1","NC","CC x NC","GOM",NA,NA,"2",39,"4",3,8.51,0.815,10.44,9.700885797,1.012939118,168.75,"107","2021_107","2021","SL18-CC-5-FG3xSL18-NC-2-MG1","CC x NC","ES","0","0"
"116","SL20_UCONN_S109","SL18-JS-5-FG1","JS","SL18-OI-18-MG4","OI","JS x OI","GOM",NA,NA,"2",41,"4",3,9.13,0.795,11.48,10.24346114,1.176387424,237.5,"109","2021_109","2021","SL18-JS-5-FG1xSL18-OI-18-MG4","JS x OI","ES","0","0"
"123","SL20_UCONN_S115","SL18-NC-10-FG1","NC","SL18-OI-11-MG4","OI","NC x OI","GOM",NA,NA,"2",48,"5",2,1.99,0.79,2.52,12.54426278,0.315988392,56.25,"115","2021_115","2021","SL18-NC-10-FG1xSL18-OI-11-MG4","NC x OI","ES","0","0"
"127","SL20_UCONN_S119","SL18-CC-8-FG2","CC","SL18-JS-5-MG3","JS","CC x JS","GOM",NA,NA,"2",52,"5",3,8.49,0.86,9.87,10.45185231,1.031816583,150,"119","2021_119","2021","SL18-CC-8-FG2xSL18-JS-5-MG3","CC x JS","ES","0","0"
"131","SL20_UCONN_S123","SL18-JS-5-FG2","JS","SL18-CC-7-MG2","CC","JS x CC","GOM",NA,NA,"2",56,"6",2,3.79,0.9,4.21,10.53197583,0.443513205,56.25,"123","2021_123","2021","SL18-JS-5-FG2xSL18-CC-7-MG2","JS x CC","ES","0","0"
"135","SL20_UCONN_S127","SL18-CC-6-FG1","CC","SL18-OD-10-MG1","OD","CC x OD","GOM",NA,NA,"2",60,"6",3,14.7,0.83,17.71,12.10332322,2.143600619,81.25,"127","2021_127","2021","SL18-CC-6-FG1xSL18-OD-10-MG1","CC x OD","ES","0","0"
"138","SL20_UCONN_S130","SL18-CC-3-FG2","CC","SL18-OD-6-MG1","OD","CC x OD","GOM",NA,NA,"2",63,"6",3,12.75,0.84,15.18,11.40826843,1.731612172,175,"130","2021_130","2021","SL18-CC-3-FG2xSL18-OD-6-MG1","CC x OD","ES","0","0"
"141","SL20_UCONN_S133","SL18-UCONN-S2-FG1","UCONN","SL18-NC-2-MG3","NC","UCONN x NC","GOM",NA,NA,"2",66,"6",3,12.78,0.88,14.52,10.17888335,1.478251469,381.25,"133","2021_133","2021","SL18-UCONN-S2-FG1xSL18-NC-2-MG3","UCONN x NC","ES","0","0"
"143","SL20_UCONN_S134","SL18-CC-3-FG2","CC","SL18-OI-11-MG3","OI","CC x OI","GOM",NA,NA,"2",68,"7",3,12.11,0.755,16.04,8.788939598,1.40972263,206.25,"134","2021_134","2021","SL18-CC-3-FG2xSL18-OI-11-MG3","CC x OI","ES","0","0"
"144","SL20_UCONN_S135","SL18-JS-19-FG3","JS","SL18-OI-7-MG2","OI","JS x OI","GOM",NA,NA,"2",69,"7",2,7.27,0.855,8.5,9.489152498,0.806855423,81.25,"135","2021_135","2021","SL18-JS-19-FG3xSL18-OI-7-MG2","JS x OI","ES","0","0"
"145","SL20_UCONN_S136","SL18-NC-12-FG2","NC","SL18-OD-6-MG2","OD","NC x OD","GOM",NA,NA,"2",70,"7",2,2.5,0.84,2.98,9.941204068,0.295869169,87.5,"136","2021_136","2021","SL18-NC-12-FG2xSL18-OD-6-MG2","NC x OD","ES","0","0"
"149","SL20_UCONN_S140","SL18-UCONN-S142-FG1","UCONN","SL18-OI-15-MG1","OI","UCONN x OI","GOM",NA,NA,"2",74,"7",2,8.88,0.915,9.7,10.6524033,1.033807009,75,"140","2021_140","2021","SL18-UCONN-S142-FG1xSL18-OI-15-MG1","UCONN x OI","ES","0","0"
"150","SL20_UCONN_S141","SL18-CC-6-FG3","CC","SL18-CC-7-MG1","CC","CC x CC","GOM",NA,NA,"3",1,"1",2,9.45,0.893,10.58,9.683197586,1.02470568,275,"141","2021_141","2021","SL18-CC-6-FG3xSL18-CC-7-MG1","CC x CC","ES","1","0"
"151","SL20_UCONN_S142","SL18-LD-13-FG2","LD","SL18-OD-3-MG1","OD","LD x OD","GOM",NA,NA,"3",2,"1",2,9.18,0.89,10.31,9.76447601,1.007167301,62.5,"142","2021_142","2021","SL18-LD-13-FG2xSL18-OD-3-MG1","LD x OD","ES","0","0"
"153","SL20_UCONN_S144","SL18-SF-13-FG2","SF","SL18-UCONN-S5-MG1","UCONN","SF x UCONN","GOM",NA,NA,"3",4,"1",3,19.2,0.855,22.46,11.39787212,2.55952216,381.25,"144","2021_144","2021","SL18-SF-13-FG2xSL18-UCONN-S5-MG1","SF x UCONN","ES","0","0"
"166","SL20_UCONN_S156","SL18-UCONN-S57-FG3","UCONN","SL18-OI-11-MG3","OI","UCONN x OI","GOM",NA,NA,"3",17,"2",3,10.1,0.88,11.48,9.752999092,1.119378305,131.25,"156","2021_156","2021","SL18-UCONN-S57-FG3xSL18-OI-11-MG3","UCONN x OI","ES","0","0"
"168","SL20_UCONN_S158","SL18-JS-16-FG1","JS","SL18-OI-18-MG4","OI","JS x OI","GOM",NA,NA,"3",19,"2",2,3.85,0.81,4.75,11.14088353,0.529535822,12.5,"158","2021_158","2021","SL18-JS-16-FG1xSL18-OI-18-MG4","JS x OI","ES","0","0"
"170","SL20_UCONN_S160","SA18-CB-10-FG6","CB","SL18-NC-2-MG3","NC","CB x NC","GOM",NA,NA,"3",21,"2",3,13.34,0.85,15.69,10.86402857,1.705013426,181.25,"160","2021_160","2021","SA18-CB-10-FG6xSL18-NC-2-MG3","CB x NC","ES","0","0"
"173","SL20_UCONN_S163","SL18-CC-5-FG3","CC","SL18-JS-5-MG2","JS","CC x JS","GOM",NA,NA,"3",24,"3",2,3.94,0.8,4.93,10.6760263,0.525794295,112.5,"163","2021_163","2021","SL18-CC-5-FG3xSL18-JS-5-MG2","CC x JS","ES","0","0"
"175","SL20_UCONN_S165","SL18-SF-13-FG2","SF","SL18-NC-2-MG1","NC","SF x NC","GOM",NA,NA,"3",26,"3",3,3.75,0.812,4.62,10.09704327,0.466304338,62.5,"165","2021_165","2021","SL18-SF-13-FG2xSL18-NC-2-MG1","SF x NC","ES","0","0"
"186","SL20_UCONN_S175","SL18-JS-16-FG3","JS","SL18-JS-9-MG3","JS","JS x JS","GOM",NA,NA,"3",37,"4",2,2.51,0.89,2.82,11.74120093,0.331128251,106.25,"175","2021_175","2021","SL18-JS-16-FG3xSL18-JS-9-MG3","JS x JS","ES","1","0"
"194","SL20_UCONN_S182","SA18-CB-10-FG6","CB","SL18-JS-6-MG1","JS","CB x JS","GOM",NA,NA,"3",45,"5",3,5.82,0.85,6.85,12.0249046,0.823352291,143.75,"182","2021_182","2021","SA18-CB-10-FG6xSL18-JS-6-MG1","CB x JS","ES","0","0"
"195","SL20_UCONN_S183","SA18-CB-4-FG6","CB","SL18-OI-15-MG2","OI","CB x OI","GOM",NA,NA,"3",46,"5",3,12.92,0.895,14.44,11.27147118,1.627121874,181.25,"183","2021_183","2021","SA18-CB-4-FG6xSL18-OI-15-MG2","CB x OI","ES","0","0"
"196","SL20_UCONN_S184","SL18-JS-5-FG2","JS","SL18-OI-11-MG2","OI","JS x OI","GOM",NA,NA,"3",47,"5",3,6.14,0.83,7.4,8.833366904,0.653456299,168.75,"184","2021_184","2021","SL18-JS-5-FG2xSL18-OI-11-MG2","JS x OI","ES","0","0"
"202","SL20_UCONN_S190","SL18-CC-5-FG3","CC","SL18-JS-5-MG2","JS","CC x JS","GOM",NA,NA,"3",53,"5",3,4.64,0.73,6.36,10.26774646,0.652634844,106.25,"190","2021_190","2021","SL18-CC-5-FG3xSL18-JS-5-MG2","CC x JS","ES","0","0"
"211","SL20_UCONN_S199","SL18-CC-3-FG3","CC","SL18-UCONN-S157-MG1","UCONN","CC x UCONN","GOM",NA,NA,"3",62,"6",2,7.68,0.87,8.83,10.76093622,0.949930922,106.25,"199","2021_199","2021","SL18-CC-3-FG3xSL18-UCONN-S157-MG1","CC x UCONN","ES","0","0"
"218","SL20_UCONN_S205","SL18-NL-10-FG2","NL","SL18-OI-11-MG1","OI","NL x OI","GOM",NA,NA,"3",69,"7",3,4.27,0.675,6.33,9.228136119,0.583765055,68.75,"205","2021_205","2021","SL18-NL-10-FG2xSL18-OI-11-MG1","NL x OI","ES","0","0"
"224","SL20_UCONN_S211","SA18-CB-7-FG1","CB","SL18-LD-1-MG1","LD","CB x LD","GOM",NA,NA,"4",1,"1",3,11.37,0.85,13.38,9.334206012,1.248587322,212.5,"211","2021_211","2021","SA18-CB-7-FG1xSL18-LD-1-MG1","CB x LD","ES","0","0"
"225","SL20_UCONN_S212","SL18-CC-12-FG3","CC","SL18-OI-15-MG2","OI","CC x OI","GOM",NA,NA,"4",2,"1",3,9.7,0.825,11.76,8.318870405,0.97809749,143.75,"212","2021_212","2021","SL18-CC-12-FG3xSL18-OI-15-MG2","CC x OI","ES","0","0"
"226","SL20_UCONN_S213","SL18-CC-5-FG1","CC","SL18-OI-15-MG2","OI","CC x OI","GOM",NA,NA,"4",3,"1",3,5.77,0.84,6.87,8.09499189,0.556048848,150,"213","2021_213","2021","SL18-CC-5-FG1xSL18-OI-15-MG2","CC x OI","ES","0","0"
"227","SL20_UCONN_S214","SL18-CC-5-FG2","CC","SA18-CB-10-MG1","CB","CC x CB","GOM",NA,NA,"4",4,"1",2,4.1,0.87,4.71,10.25848589,0.483445887,168.75,"214","2021_214","2021","SL18-CC-5-FG2xSA18-CB-10-MG1","CC x CB","ES","0","0"
"229","SL20_UCONN_S216","SL18-JS-16-FG1","JS","SL18-CC-2-MG6","CC","JS x CC","GOM",NA,NA,"4",6,"1",3,10.46,0.9,11.62,8.599996311,0.999510682,162.5,"216","2021_216","2021","SL18-JS-16-FG1xSL18-CC-2-MG6","JS x CC","ES","0","0"
"233","SL20_UCONN_S220","SL18-CC-5-FG2","CC","SA18-CB-10-MG1","CB","CC x CB","GOM",NA,NA,"4",10,"1",2,6.47,0.861,7.51,9.132918083,0.686294774,87.5,"220","2021_220","2021","SL18-CC-5-FG2xSA18-CB-10-MG1","CC x CB","ES","0","0"
"237","SL20_UCONN_S223","SA18-CB-5-FG3","CB","SL18-NL-5-MG1","NL","CB x NL","GOM",NA,NA,"4",14,"2",2,9.68,0.83,11.66,10.24157635,1.194439266,106.25,"223","2021_223","2021","SA18-CB-5-FG3xSL18-NL-5-MG1","CB x NL","ES","0","0"
"241","SL20_UCONN_S227","SL18-UCONN-S94-FG2","UCONN","SL18-OI-17-MG3","OI","UCONN x OI","GOM",NA,NA,"4",18,"2",2,6.4,0.822,7.79,9.547818311,0.743382448,50,"227","2021_227","2021","SL18-UCONN-S94-FG2xSL18-OI-17-MG3","UCONN x OI","ES","0","0"
"247","SL20_UCONN_S232","SL18-JS-9-FG3","JS","SL18-JS-5-MG2","JS","JS x JS","GOM",NA,NA,"4",24,"3",3,7.02,0.78,9,10.54651136,0.949186023,306.25,"232","2021_232","2021","SL18-JS-9-FG3xSL18-JS-5-MG2","JS x JS","ES","1","0"
"255","SL20_UCONN_S240","SL18-CC-6-FG3","CC","SL18-OI-18-MG1","OI","CC x OI","GOM",NA,NA,"4",32,"3",2,7.51,0.905,8.3,9.678032041,0.80311625,150,"240","2021_240","2021","SL18-CC-6-FG3xSL18-OI-18-MG1","CC x OI","ES","0","0"
"257","SL20_UCONN_S242","SA18-CB-1-FG2","CB","SL18-LD-1-MG1","LD","CB x LD","GOM",NA,NA,"4",34,"4",2,2.64,0.83,3.18,11.53365142,0.366853491,75,"242","2021_242","2021","SA18-CB-1-FG2xSL18-LD-1-MG1","CB x LD","ES","0","0"
"262","SL20_UCONN_S247","SL18-SF-13-FG2","SF","SL18-UCONN-S2-MG3","UCONN","SF x UCONN","GOM",NA,NA,"4",39,"4",3,7.09,0.84,8.44,11.01836264,0.930002276,187.5,"247","2021_247","2021","SL18-SF-13-FG2xSL18-UCONN-S2-MG3","SF x UCONN","ES","0","0"
"263","SL20_UCONN_S248","SL18-JS-5-FG1","JS","SL18-JS-11-MG3","JS","JS x JS","GOM",NA,NA,"4",40,"4",2,3.05,0.781,3.91,9.557433409,0.373241638,125,"248","2021_248","2021","SL18-JS-5-FG1xSL18-JS-11-MG3","JS x JS","ES","1","0"
"266","SL20_UCONN_S251","SL18-CC-5-FG1","CC","SL18-NC-2-MG1","NC","CC x NC","GOM",NA,NA,"4",43,"4",2,2.15,0.84,2.56,14.73790157,0.3772201,237.5,"251","2021_251","2021","SL18-CC-5-FG1xSL18-NC-2-MG1","CC x NC","ES","0","0"
"268","SL20_UCONN_S253","SL18-CC-6-FG2","CC","SL18-OI-18-MG1","OI","CC x OI","GOM",NA,NA,"4",45,"5",2,11.22,0.875,12.82,11.47621813,1.471579056,181.25,"253","2021_253","2021","SL18-CC-6-FG2xSL18-OI-18-MG1","CC x OI","ES","0","0"
"276","SL20_UCONN_S260","SL18-OI-11-FG3","OI","SL18-NC-2-MG1","NC","OI x NC","GOM",NA,NA,"4",53,"5",2,6.4,0.84,7.62,10.00620864,0.762377801,175,"260","2021_260","2021","SL18-OI-11-FG3xSL18-NC-2-MG1","OI x NC","ES","0","0"
"279","SL20_UCONN_S263","SL18-NC-1-FG1","NC","SL18-NL-6-MG3","NL","NC x NL","GOM",NA,NA,"4",56,"6",3,5.29,0.87,6.08,9.705214662,0.590121673,162.5,"263","2021_263","2021","SL18-NC-1-FG1xSL18-NL-6-MG3","NC x NL","ES","0","0"
"281","SL20_UCONN_S265","SL18-OI-17-FG1","OI","SL18-NC-2-MG3","NC","OI x NC","GOM",NA,NA,"4",58,"6",3,11.44,0.85,13.46,8.98047481,1.208666257,262.5,"265","2021_265","2021","SL18-OI-17-FG1xSL18-NC-2-MG3","OI x NC","ES","0","0"
"284","SL20_UCONN_S268","SL18-JS-16-FG1","JS","SL18-OI-18-MG3","OI","JS x OI","GOM",NA,NA,"4",61,"6",2,2.6,0.941,2.76,9.553366252,0.263961236,43.75,"268","2021_268","2021","SL18-JS-16-FG1xSL18-OI-18-MG3","JS x OI","ES","0","0"
"288","SL20_UCONN_S272","SL18-CC-5-FG3","CC","SL18-NC-2-MG3","NC","CC x NC","GOM",NA,NA,"4",65,"6",3,6.54,0.72,9.08,9.60292879,0.872266032,118.75,"272","2021_272","2021","SL18-CC-5-FG3xSL18-NC-2-MG3","CC x NC","ES","0","0"
"289","SL20_UCONN_S273","SL18-NC-15-FG1","NC","SL18-OD-10-MG2","OD","NC x OD","GOM",NA,NA,"4",66,"6",3,3.54,0.872,4.06,11.15054831,0.452671342,137.5,"273","2021_273","2021","SL18-NC-15-FG1xSL18-OD-10-MG2","NC x OD","ES","0","0"
"291","SL20_UCONN_S274","SL18-CC-1-FG2","CC","SL18-CC-7-MG2","CC","CC x CC","GOM",NA,NA,"4",68,"7",3,7.66,0.8,9.58,9.998774438,0.957382652,125,"274","2021_274","2021","SL18-CC-1-FG2xSL18-CC-7-MG2","CC x CC","ES","1","0"
"294","SL20_UCONN_S277","SL18-CC-6-FG3","CC","SL18-CC-2-MG6","CC","CC x CC","GOM",NA,NA,"4",71,"7",2,4.16,0.88,4.73,8.45255448,0.399575303,100,"277","2021_277","2021","SL18-CC-6-FG3xSL18-CC-2-MG6","CC x CC","ES","1","0"
"296","SL20_UCONN_S279","SL18-UCONN-S57-FG2","UCONN","SL18-OI-11-MG1","OI","UCONN x OI","GOM",NA,NA,"4",73,"7",3,9.79,0.85,11.52,8.873916211,1.022066349,306.25,"279","2021_279","2021","SL18-UCONN-S57-FG2xSL18-OI-11-MG1","UCONN x OI","ES","0","0"
"302","SL20_UCONN_S285","SL18-CC-12-FG2","CC","SL18-OI-15-MG2","OI","CC x OI","GOM",NA,NA,"5",5,"1",3,12.25,0.84,14.58,9.611598165,1.401691399,237.5,"285","2021_285","2021","SL18-CC-12-FG2xSL18-OI-15-MG2","CC x OI","ES","0","0"
"305","SL20_UCONN_S287","SL18-JS-19-FG3","JS","SL18-LD-1-MG3","LD","JS x LD","GOM",NA,NA,"5",8,"1",2,6.15,0.95,6.47,9.719848106,0.629232272,62.5,"287","2021_287","2021","SL18-JS-19-FG3xSL18-LD-1-MG3","JS x LD","ES","0","0"
"3101","SL20_UCONN_S292","SL18-CC-12-FG2","CC","SL18-OI-15-MG2","OI","CC x OI","GOM",NA,NA,"5",13,"2",3,16.45,0.83,19.82,10.3730401,2.055861562,193.75,"292","2021_292","2021","SL18-CC-12-FG2xSL18-OI-15-MG2","CC x OI","ES","0","0"
"3141","SL20_UCONN_S296","SL18-CC-3-FG3","CC","SL18-JS-19-MG1","JS","CC x JS","GOM",NA,NA,"5",17,"2",3,13.58,0.855,15.88,9.503050303,1.50937337,181.25,"296","2021_296","2021","SL18-CC-3-FG3xSL18-JS-19-MG1","CC x JS","ES","0","0"
"326","SL20_UCONN_S308","SL18-UCONN-S78-FG1","UCONN","SL18-OI-11-MG2","OI","UCONN x OI","GOM",NA,NA,"5",29,"3",2,5.52,0.8,6.9,10.18151196,0.702524325,68.75,"308","2021_308","2021","SL18-UCONN-S78-FG1xSL18-OI-11-MG2","UCONN x OI","ES","0","0"
"327","SL20_UCONN_S309","SL18-JS-6-FG2","JS","SL18-NC-2-MG1","NC","JS x NC","GOM",NA,NA,"5",30,"3",3,5.06,0.82,6.17,10.0102117,0.617703307,243.75,"309","2021_309","2021","SL18-JS-6-FG2xSL18-NC-2-MG1","JS x NC","ES","0","0"
"3281","SL20_UCONN_S310","SL18-OI-11-FG3","OI","SL18-NC-2-MG1","NC","OI x NC","GOM",NA,NA,"5",31,"3",2,4.67,0.91,5.13,9.532167142,0.489178248,68.75,"310","2021_310","2021","SL18-OI-11-FG3xSL18-NC-2-MG1","OI x NC","ES","0","0"
"3291","SL20_UCONN_S311","SL18-CC-3-FG3","CC","SL18-UCONN-S157-MG2","UCONN","CC x UCONN","GOM",NA,NA,"5",32,"3",3,14.58,0.83,17.57,9.511748471,1.670858948,237.5,"311","2021_311","2021","SL18-CC-3-FG3xSL18-UCONN-S157-MG2","CC x UCONN","ES","0","0"
"3351","SL20_UCONN_S317","SL18-CC-5-FG2","CC","SL18-JS-6-MG2","JS","CC x JS","GOM",NA,NA,"5",38,"4",3,8.74,0.875,9.99,9.024728673,0.90144147,200,"317","2021_317","2021","SL18-CC-5-FG2xSL18-JS-6-MG2","CC x JS","ES","0","0"
"3551","SL20_UCONN_S335","SL18-CC-1-FG1","CC","SL18-OI-16-MG3","OI","CC x OI","GOM",NA,NA,"5",58,"6",2,2.34,0.77,3.04,9.0841891,0.276064967,87.5,"335","2021_335","2021","SL18-CC-1-FG1xSL18-OI-16-MG3","CC x OI","ES","0","0"
"3601","SL20_UCONN_S339","SL18-UCONN-S94-FG2","UCONN","SL18-OI-15-MG1","OI","UCONN x OI","GOM",NA,NA,"5",63,"6",3,11.32,0.975,11.61,9.775923644,1.135009802,187.5,"339","2021_339","2021","SL18-UCONN-S94-FG2xSL18-OI-15-MG1","UCONN x OI","ES","0","0"
"3631","SL20_UCONN_S342","SL18-JS-5-FG2","JS","SL18-CC-7-MG1","CC","JS x CC","GOM",NA,NA,"5",66,"6",3,5.02,0.85,5.91,10.75409207,0.635124026,93.75,"342","2021_342","2021","SL18-JS-5-FG2xSL18-CC-7-MG1","JS x CC","ES","0","0"
"3661","SL20_UCONN_S345","SL18-CC-8-FG2","CC","SL18-JS-5-MG3","JS","CC x JS","GOM",NA,NA,"5",69,"7",3,7.76,0.85,9.13,9.835747832,0.89794592,156.25,"345","2021_345","2021","SL18-CC-8-FG2xSL18-JS-5-MG3","CC x JS","ES","0","0"
