UCONNCrossID,CrossNum.,Crosses,FG,MG,Category,"CrossingDate(Oct.6,7,8)",Crosser,CrossStatus,Notes,Check 11/2-5,Healthheck 11/2-5,Check 10/26 (1-192) 10/27(194- ),Health 10/26,Check 10/19-20,Health 10/19-20,Painting Date,SP number per 1 ml estimation on paint day,,Media Change 1,Media Change 2,Media Change 3?,Post-paint  development,Post-paint  density,Comments
GOM001,1,SA18-CB-10-FG6xSL18-JS-6-MG1,SA18-CB-10-FG6,SL18-JS-6-MG1,Top160,6,Scott,Y,,SP_100,,GP/EmbrSP,,GP,,11/5/2020,19,,11/19/2020,12/3/2020,12/17/2020,LSP,MD,
GOM003,3,SA18-CB-10-FG6xSL18-OI-15-MG2,SA18-CB-10-FG6,SL18-OI-15-MG2,Top160,6,Scott,Y,,Painted,,SP_100,,GP,,10/28/2020,19,,11/10/2020,11/24/2020,12/8/2020,SP,LD,
GOM004,4,SA18-CB-10-FG6xSL18-NC-2-MG1,SA18-CB-10-FG6,SL18-NC-2-MG1,Top160,6,Scott,Y,,Painted,,SP_100,,GP,,10/28/2020,106,,11/10/2020,11/24/2020,12/8/2020,SP,LD,
GOM005,5,SA18-CB-10-FG6xSL18-NC-2-MG3,SA18-CB-10-FG6,SL18-NC-2-MG3,Top160,6,Scott,Y,,Painted,,SP_300,,EmbrSP,,10/26/2020,103,,11/10/2020,11/24/2020,12/8/2020,SP,LD,
GOM006,6,SA18-CB-1-FG2xSL18-JS-19-MG1,SA18-CB-1-FG2,SL18-JS-19-MG1,Top160,8,Michael,Y,,Painted,,SP_100,,EmbrSP,,10/28/2020,28,,11/10/2020,11/24/2020,12/8/2020,SP,MD,
GOM007,7,SA18-CB-1-FG2xSL18-SF-13-MG1,SA18-CB-1-FG2,SL18-SF-13-MG1,Top160,8,Michael,Y,,SP_100,,GP/EmbrSP,,GP,,11/5/2020,35,,11/19/2020,12/3/2020,12/17/2020,SP,HD,
GOM008,8,SA18-CB-1-FG2xSL18-OI-4-MG1,SA18-CB-1-FG2,SL18-OI-4-MG1,Top160,8,Michael,Y,low biomass FG:MG=1:1,Painted,,Painted,,SP_300,not healthy,10/19/2020,12,,10/30/2020,11/6/2020,11/13/2020,SP,MD,
GOM009,9,SA18-CB-1-FG2xSL18-LD-1-MG1,SA18-CB-1-FG2,SL18-LD-1-MG1,Top160,8,Michael,Y,low biomass FG:MG=1:1,SP_100,"not healthy, bacteria",EmbrSP,,GP,not healthy,11/2/2020,21,,11/16/2020,11/30/2020,12/14/2020,SP,MD,
GOM010,10,SA18-CB-2-FG3xSL18-JS-19-MG1,SA18-CB-2-FG3,SL18-JS-19-MG1,Top160,6,Scott,Y,,Painted,,SP_100,,EmbrSP,,10/28/2020,64,,11/10/2020,11/24/2020,12/8/2020,SP,HD,
GOM011,11,SA18-CB-4-FG6xSL18-OI-15-MG2,SA18-CB-4-FG6,SL18-OI-15-MG2,Top160,6,Scott,Y,,Painted,,SP_100,,GP,,10/28/2020,82,,11/10/2020,11/24/2020,12/8/2020,SP,MD,
GOM012,12,SA18-CB-4-FG6xSL18-NC-2-MG1,SA18-CB-4-FG6,SL18-NC-2-MG1,Top160,6,Scott,Y,,Painted,,SP_300,,SP_100,,10/26/2020,71,,11/10/2020,11/24/2020,12/8/2020,SP,HD,
GOM013,13,SA18-CB-4-FG6xSL18-NC-2-MG3,SA18-CB-4-FG6,SL18-NC-2-MG3,Top160,6,Scott,Y,,Painted,,Painted,,SP_100,,10/22/2020,55,,11/5/2020,11/19/2020,12/3/2020,SP,HD,
GOM015,15,SA18-CB-5-FG3xSL18-NL-5-MG1,SA18-CB-5-FG3,SL18-NL-5-MG1,Diversity,6,Scott,Y,,Painted,,SP_100,,EmbrSP,,10/28/2020,49,,11/10/2020,11/24/2020,12/8/2020,SP,MD,
GOM016,16,SA18-CB-5-FG3xSL18-NL-3-MG1,SA18-CB-5-FG3,SL18-NL-3-MG1,Diversity,6,Scott,Y,,SP_100,,EmbrSP,,EmbrSP,,11/2/2020,141,,11/16/2020,11/30/2020,12/14/2020,GP,HD,
GOM017,17,SA18-CB-7-FG1xSL18-LD-1-MG1,SA18-CB-7-FG1,SL18-LD-1-MG1,TopRep1,8,Michael,Y,,Painted,,Painted,,SP_300,not healthy,10/19/2020,2,,10/30/2020,11/6/2020,11/13/2020,GP,LD,
GOM018,18,SA18-CB-7-FG1xSL18-LD-1-MG1,SA18-CB-7-FG1,SL18-LD-1-MG1,TopRep2,7,Scott,Y,,Painted,,Painted,,SP_100,,10/22/2020,21,,11/5/2020,11/19/2020,12/3/2020,LSP,MD,
GOM020,20,SL18-CC-12-FG2xSL18-OI-15-MG2,SL18-CC-12-FG2,SL18-OI-15-MG2,TopRep1,7,Scott,Y,,Painted,,Painted,,SP_100,,10/22/2020,58,,11/5/2020,11/19/2020,12/3/2020,SP,HD,
GOM022,22,SL18-CC-12-FG2xSL18-OI-15-MG2,SL18-CC-12-FG2,SL18-OI-15-MG2,TopRep2,7,Scott,Y,,Painted,,Painted,,SP_100,,10/22/2020,NotRecorded,,11/5/2020,11/19/2020,12/3/2020,SP,HD,
GOM023,23,SL18-CC-12-FG2xSA18-CB-7-MG1,SL18-CC-12-FG2,SA18-CB-7-MG1,Top160,8,Michael,Y,,Painted,,Painted,,SP_100,,10/22/2020,28,,11/5/2020,11/19/2020,12/3/2020,LSP,MD,
GOM024,24,SL18-CC-12-FG3xSL18-OI-15-MG2,SL18-CC-12-FG3,SL18-OI-15-MG2,TopRep1,6,Scott,Y,,GP/EmbrSP,,GP/EmbrSP,,GP,,11/5/2020,1,,11/19/2020,12/3/2020,12/17/2020,GP,MD,
GOM025,25,SL18-CC-12-FG3xSL18-OI-15-MG2,SL18-CC-12-FG3,SL18-OI-15-MG2,TopRep2,6,Scott,Y,,Painted,,SP_100,,GP,,10/28/2020,20,,11/10/2020,11/24/2020,12/8/2020,GP,HD,
GOM026,26,SL18-CC-12-FG3xSL18-JS-6-MG1,SL18-CC-12-FG3,SL18-JS-6-MG1,Top160,6,Scott,Y,,Painted,,SP_100,,GP,,10/28/2020,11,,11/10/2020,11/24/2020,12/8/2020,SP,HD,
GOM028,28,SL18-CC-12-FG3xSL18-OI-15-MG2,SL18-CC-12-FG3,SL18-OI-15-MG2,Top160,6,Scott,Y,,GP/EmbrSP,,GP/EmbrSP,,GP,,11/5/2020,0,,11/19/2020,12/3/2020,12/17/2020,GP,MD,
GOM029,29,SL18-CC-1-FG1xSL18-OI-16-MG3,SL18-CC-1-FG1,SL18-OI-16-MG3,TopRep1,7,Scott,Y,,EmbrSP/SP_100,"not healthy, bacteria",GP/EmbrSP,,EmbrSP,,11/2/2020,18,,11/16/2020,11/30/2020,12/14/2020,GP,MD,
GOM030,30,SL18-CC-1-FG1xSL18-OI-16-MG3,SL18-CC-1-FG1,SL18-OI-16-MG3,TopRep2,7,Scott,Y,,Painted,,SP_100,,EmbrSP,,10/28/2020,37,,11/10/2020,11/24/2020,12/8/2020,GP,MD,
GOM031,31,SL18-CC-3-FG2xSL18-OI-11-MG3,SL18-CC-3-FG2,SL18-OI-11-MG3,TopRep1,6,Scott,Y,,Painted,,SP_100,,SP_100,,10/28/2020,75,,11/10/2020,11/24/2020,12/8/2020,GP,MD,
GOM032,32,SL18-CC-3-FG2xSL18-OD-6-MG1,SL18-CC-3-FG2,SL18-OD-6-MG1,TopRep1,6,Scott,Y,,Painted,,SP_100,,EmbrSP,,10/28/2020,56,,11/10/2020,11/24/2020,12/8/2020,SP,HD,
GOM033,33,SL18-CC-3-FG2xSL18-OI-11-MG3,SL18-CC-3-FG2,SL18-OI-11-MG3,TopRep2,6,Scott,Y,,Painted,,Painted,,SP_100,,10/22/2020,41,,11/5/2020,11/19/2020,12/3/2020,SP,HD,
GOM034,34,SL18-CC-3-FG2xSL18-OD-6-MG1,SL18-CC-3-FG2,SL18-OD-6-MG1,TopRep2,6,Scott,Y,,Painted,,SP_100,,EmbrSP,,10/28/2020,67,,11/10/2020,11/24/2020,12/8/2020,SP,LD,
GOM035,35,SL18-CC-3-FG2xSL18-JS-6-MG1,SL18-CC-3-FG2,SL18-JS-6-MG1,Top160,6,Scott,Y,,GP,,GP,,GP,,11/5/2020,2,,11/19/2020,12/3/2020,12/17/2020,SP,MD,
GOM036,36,SL18-CC-3-FG3xSL18-OI-15-MG1,SL18-CC-3-FG3,SL18-OI-15-MG1,Top160,8,Michael,Y,,EmbrSP/SP_100,"not healthy, bacteria",EmbrSP,,GP,not healthy,11/2/2020,28,,11/16/2020,11/30/2020,12/14/2020,SP,MD,
GOM037,37,SL18-CC-3-FG3xSL18-JS-19-MG1,SL18-CC-3-FG3,SL18-JS-19-MG1,Top160,7,Scott,Y,,Painted,,SP_100,,EmbrSP,,10/28/2020,209,,11/10/2020,11/24/2020,12/8/2020,SP,MD,
GOM038,38,SL18-CC-3-FG3xSL18-UCONN-S157-MG1,SL18-CC-3-FG3,SL18-UCONN-S157-MG1,Top160,7,Scott,Y,,Painted,,SP_100,,EmbrSP,,10/28/2020,45,,11/10/2020,11/24/2020,12/8/2020,GP,LD,
GOM039,39,SL18-CC-3-FG3xSL18-UCONN-S157-MG2,SL18-CC-3-FG3,SL18-UCONN-S157-MG2,Top160,7,Scott,Y,,Painted,,SP_100,,EmbrSP,,10/28/2020,92,,11/10/2020,11/24/2020,12/8/2020,SP,MD,
GOM040,40,SL18-CC-3-FG3xSL18-SF-13-MG1,SL18-CC-3-FG3,SL18-SF-13-MG1,Top160,7,Scott,Y,,GP/EmbrSP,,GP/EmbrSP,,GP,,11/5/2020,3,,11/19/2020,12/3/2020,12/17/2020,GP,HD,
GOM041,41,SL18-CC-5-FG1xSL18-OI-15-MG2,SL18-CC-5-FG1,SL18-OI-15-MG2,Top160,7,Scott,Y,,Painted,,SP_100,,EmbrSP,,10/28/2020,35,,11/10/2020,11/24/2020,12/8/2020,SP,LD,
GOM042,42,SL18-CC-5-FG1xSL18-NC-2-MG1,SL18-CC-5-FG1,SL18-NC-2-MG1,Top160,7,Scott,Y,,Painted,,SP_300,,EmbrSP,,10/26/2020,59,,11/10/2020,11/24/2020,12/8/2020,SP,HD,
GOM043,43,SL18-CC-5-FG1xSL18-NC-2-MG3,SL18-CC-5-FG1,SL18-NC-2-MG3,Top160,7,Scott,Y,,Painted,,SP_300,,EmbrSP,,10/26/2020,103,,11/10/2020,11/24/2020,12/8/2020,GP,MD,
GOM044,44,SL18-CC-5-FG2xSA18-CB-10-MG1,SL18-CC-5-FG2,SA18-CB-10-MG1,TopRep1,6,Scott,Y,,Painted,,SP_300,,EmbrSP,,10/26/2020,79,,11/10/2020,11/24/2020,12/8/2020,SP,MD,
GOM045,45,SL18-CC-5-FG2xSL18-NC-9-MG2,SL18-CC-5-FG2,SL18-NC-9-MG2,TopRep1,6,Scott,Y,,Painted,,SP_100,,GP,,10/28/2020,140,,11/10/2020,11/24/2020,12/8/2020,SP,LD,
GOM046,46,SL18-CC-5-FG2xSA18-CB-10-MG1,SL18-CC-5-FG2,SA18-CB-10-MG1,TopRep2,6,Scott,Y,,Painted,,SP_300,,GP,,10/26/2020,50,,11/10/2020,11/24/2020,12/8/2020,SP,MD,
GOM047,47,SL18-CC-5-FG2xSL18-NC-9-MG2,SL18-CC-5-FG2,SL18-NC-9-MG2,TopRep2,6,Scott,Y,,Painted,,SP_300,,GP,,10/26/2020,35,,11/10/2020,11/24/2020,12/8/2020,GP,LD,
GOM048,48,SL18-CC-5-FG2xSL18-JS-6-MG2,SL18-CC-5-FG2,SL18-JS-6-MG2,Top160,6,Scott,Y,,Painted,,SP_100,,GP,,10/28/2020,84,,11/10/2020,11/24/2020,12/8/2020,GP,MD,
GOM049,49,SL18-CC-5-FG3xSL18-JS-5-MG2,SL18-CC-5-FG3,SL18-JS-5-MG2,TopRep1,7,Scott,Y,,Painted,,SP_100,,GP,,10/28/2020,30,,11/10/2020,11/24/2020,12/8/2020,GP,LD,
GOM050,50,SL18-CC-5-FG3xSL18-JS-5-MG2,SL18-CC-5-FG3,SL18-JS-5-MG2,TopRep2,7,Scott,Y,,Painted,,SP_100,,EmbrSP,,10/28/2020,123,,11/10/2020,11/24/2020,12/8/2020,GP,MD,
GOM051,51,SL18-CC-5-FG3xSL18-NC-2-MG1,SL18-CC-5-FG3,SL18-NC-2-MG1,Top160,7,Scott,Y,,Painted,,SP_100,Biofilm,GP,,10/28/2020,18,,11/10/2020,11/24/2020,12/8/2020,GP,LD,
GOM052,52,SL18-CC-5-FG3xSL18-NC-2-MG3,SL18-CC-5-FG3,SL18-NC-2-MG3,Top160,7,Scott,Y,,Painted,,SP_100,,EmbrSP,,10/28/2020,144,,11/10/2020,11/24/2020,12/8/2020,SP,LD,
GOM053,53,SL18-CC-5-FG3xSL18-OI-17-MG1,SL18-CC-5-FG3,SL18-OI-17-MG1,Top160,7,Scott,Y,,Painted,,SP_100,,GP,,10/28/2020,25,,11/10/2020,11/24/2020,12/8/2020,GP,LD,
GOM054,54,SL18-CC-8-FG1xSL18-NL-2-MG1,SL18-CC-8-FG1,SL18-NL-2-MG1,Low10,7,Scott,Y,,GP,,GP,,GP,not healthy,11/5/2020,0,,11/19/2020,12/3/2020,12/17/2020,GP,HD,
GOM055,55,SL18-CC-8-FG1xSL18-JS-9-MG3,SL18-CC-8-FG1,SL18-JS-9-MG3,Low10,7,Scott,Y,,GP,,GP,,GP,not healthy,11/5/2020,5,,11/19/2020,12/3/2020,12/17/2020,GP,HD,
GOM056,56,SL18-CC-8-FG1xSL18-NC-8-MG2,SL18-CC-8-FG1,SL18-NC-8-MG2,Low10,7,Scott,Y,,GP,,GP,,GP,not healthy,11/5/2020,0,,11/19/2020,12/3/2020,12/17/2020,GP,HD,GREEN
GOM057,57,SL18-CC-8-FG2xSL18-JS-5-MG3,SL18-CC-8-FG2,SL18-JS-5-MG3,TopRep1,7,Scott,Y,,Painted,,SP_300,,EmbrSP,,10/26/2020,82,,11/10/2020,11/24/2020,12/8/2020,SP,MD,
GOM058,58,SL18-CC-8-FG2xSL18-JS-5-MG3,SL18-CC-8-FG2,SL18-JS-5-MG3,TopRep2,7,Scott,Y,,Painted,,SP_300,,EmbrSP,,10/26/2020,93,,11/10/2020,11/24/2020,12/8/2020,SP,HD,
GOM059,59,SL18-JS-16-FG3xSL18-JS-9-MG3,SL18-JS-16-FG3,SL18-JS-9-MG3,Low10,7,Scott,Y,,Painted,,SP_100,,GP,,10/28/2020,154,,11/10/2020,11/24/2020,12/8/2020,GP,HD,
GOM060,60,SL18-JS-16-FG3xSL18-NC-8-MG2,SL18-JS-16-FG3,SL18-NC-8-MG2,Low10,7,Scott,Y,,GP/EmbrSP,,GP,,GP,not healthy,11/5/2020,4,,11/19/2020,12/3/2020,12/17/2020,GP,HD,
GOM061,61,SL18-JS-19-FG5xSL18-SF-13-MG1,SL18-JS-19-FG5,SL18-SF-13-MG1,Top160,6,Scott,Y,,GP,,GP,,GP,,11/5/2020,5,,11/19/2020,12/3/2020,12/17/2020,GP,HD,
GOM062,62,SL18-JS-19-FG5xSL18-OI-4-MG1,SL18-JS-19-FG5,SL18-OI-4-MG1,Top160,7,Scott,Y,,Painted,,Painted,,SP_300,,10/19/2020,20,,10/30/2020,11/6/2020,11/13/2020,SP,MD,
GOM063,63,SL18-JS-19-FG6xSL18-SF-13-MG1,SL18-JS-19-FG6,SL18-SF-13-MG1,Top160,6,Scott,Y,,GP,not healthy,GP,,GP,not healthy,11/5/2020,0,,11/19/2020,12/3/2020,12/17/2020,GP,HD,
GOM064,64,SL18-JS-19-FG6xSL18-OI-4-MG1,SL18-JS-19-FG6,SL18-OI-4-MG1,Top160,6,Scott,Y,,Painted,,Painted,,SP_300,,10/19/2020,25,,10/30/2020,11/6/2020,11/13/2020,SP,MD,
GOM065,65,SL18-JS-19-FG6xSL18-LD-1-MG1,SL18-JS-19-FG6,SL18-LD-1-MG1,Top160,6,Scott,Y,,GP,,GP,,GP,not healthy,11/5/2020,0,,11/19/2020,12/3/2020,12/17/2020,GP,HD,GREEN
GOM067,67,SL18-JS-6-FG2xSL18-OI-15-MG2,SL18-JS-6-FG2,SL18-OI-15-MG2,Top160,6,Scott,Y,,SP_100,,EmbrSP,Mixed with SP_300,GP,,11/2/2020,20,,11/16/2020,11/30/2020,12/14/2020,SP,MD,
GOM068,68,SL18-JS-6-FG2xSL18-NC-2-MG1,SL18-JS-6-FG2,SL18-NC-2-MG1,Top160,6,Scott,Y,,Painted,,SP_300,,EmbrSP,,10/26/2020,89,,11/10/2020,11/24/2020,12/8/2020,SP,HD,
GOM069,69,SL18-JS-6-FG2xSL18-NC-2-MG3,SL18-JS-6-FG2,SL18-NC-2-MG3,Top160,6,Scott,Y,,Painted,,SP_300,,EmbrSP,,10/26/2020,171,,11/10/2020,11/24/2020,12/8/2020,SP,HD,
GOM070,70,SL18-JS-6-FG2xSL18-OI-17-MG1,SL18-JS-6-FG2,SL18-OI-17-MG1,Top160,6,Scott,Y,,SP_300,"not healthy, mostly dying GP",GP,,GP,,11/5/2020,3,,11/19/2020,12/3/2020,12/17/2020,GP,LD,GREEN
GOM076,76,SL18-JS-9-FG3xSL18-JS-5-MG2,SL18-JS-9-FG3,SL18-JS-5-MG2,Low10,6,Scott,Y,,Painted,,SP_100,,GP,,10/28/2020,139,,11/10/2020,11/24/2020,12/8/2020,SP,HD,
GOM077,77,SL18-JS-9-FG3xSL18-NL-2-MG1,SL18-JS-9-FG3,SL18-NL-2-MG1,Low10,6,Scott,Y,,Painted,,SP_100,,GP,,10/28/2020,28,,11/10/2020,11/24/2020,12/8/2020,GP,MD,
GOM078,78,SL18-LD-13-FG2xSL18-OD-3-MG1,SL18-LD-13-FG2,SL18-OD-3-MG1,Diversity,7,Scott,Y,,Painted,,SP_100,,GP,,10/28/2020,265,,11/10/2020,11/24/2020,12/8/2020,SP,MD,
GOM079,79,SL18-LD-5-FG5xSL18-JS-19-MG1,SL18-LD-5-FG5,SL18-JS-19-MG1,Top160,8,Michael,Y,Change SL18-LD-2-FG5 to SL18-LD-5-FG5,GP,,GP,Almost dead,GP,Almost dead,11/5/2020,0,,11/19/2020,12/3/2020,12/17/2020,GP,LD,
GOM080,80,SL18-LD-5-FG5xSL18-UCONN-S157-MG2,SL18-LD-5-FG5,SL18-UCONN-S157-MG2,Top160,8,Michael,Y,Rope13,Throw away,,GP,Dead,GP,Almost dead,NA,X,,#VALUE!,#VALUE!,#VALUE!,,,
GOM081,81,SL18-LD-5-FG5xSL18-SF-13-MG1,SL18-LD-5-FG5,SL18-SF-13-MG1,Top160,8,Michael,Y,Change SL18-LD-2-FG5 to SL18-LD-5-FG7,GP,,GP,,GP,Almost dead,11/5/2020,0,,11/19/2020,12/3/2020,12/17/2020,GP,MD,
GOM082,82,SL18-LD-5-FG5xSL18-OI-4-MG1,SL18-LD-5-FG5,SL18-OI-4-MG1,Top160,8,Michael,Y,Change SL18-LD-2-FG5 to SL18-LD-5-FG8,Painted,,Painted,,SP_300,Almost dead,10/19/2020,20,,10/30/2020,11/6/2020,11/13/2020,SP,MD,
GOM083,83,SL18-LD-5-FG5xSL18-LD-1-MG1,SL18-LD-5-FG5,SL18-LD-1-MG1,Top160,8,Michael,Y,Rope14,Throw away,,GP,Dead,GP,"Almost dead, bleached",NA,x,,#VALUE!,#VALUE!,#VALUE!,,,
GOM084,84,SL18-LL-9-FG1xSL18-JS-19-MG1,SL18-LL-9-FG1,SL18-JS-19-MG1,Top160,6,Scott,Y,,SP_100,,EmbrSP,,GP,,11/2/2020,207,,11/16/2020,11/30/2020,12/14/2020,GP,MD,
GOM085,85,SL18-NC-10-FG1xSL18-OI-11-MG4,SL18-NC-10-FG1,SL18-OI-11-MG4,TopRep1,6,Scott,Y,,Painted,,SP_100,,GP,,10/28/2020,77,,11/10/2020,11/24/2020,12/8/2020,GP,HD,
GOM086,86,SL18-NC-10-FG1xSL18-OI-11-MG4,SL18-NC-10-FG1,SL18-OI-11-MG4,TopRep2,6,Scott,Y,,GP,,GP,,GP,,11/5/2020,0,,11/19/2020,12/3/2020,12/17/2020,GP,MD,
GOM087,87,SL18-NC-12-FG1xSL18-NL-9-MG2,SL18-NC-12-FG1,SL18-NL-9-MG2,Diversity,6,Scott,Y,,Painted,,Painted,,SP_100,,10/22/2020,132,,11/5/2020,11/19/2020,12/3/2020,SP,HD,
GOM088,88,SL18-NC-12-FG2xSL18-OD-6-MG2,SL18-NC-12-FG2,SL18-OD-6-MG2,Diversity,6,Scott,Y,,Painted,,SP_300,,GP,,10/26/2020,170,,11/10/2020,11/24/2020,12/8/2020,GP,HD,
GOM089,89,SL18-NC-15-FG1xSL18-OD-10-MG2,SL18-NC-15-FG1,SL18-OD-10-MG2,Diversity,6,Scott,Y,,Painted,,SP_300,,GP,,10/26/2020,145,,11/10/2020,11/24/2020,12/8/2020,SP,HD,
GOM090,90,SL18-NC-1-FG1xSL18-NL-6-MG3,SL18-NC-1-FG1,SL18-NL-6-MG3,Diversity,6,Scott,Y,,Painted,,SP_100,,EmbrSP,,10/28/2020,129,,11/10/2020,11/24/2020,12/8/2020,SP,HD,
GOM091,91,SL18-NC-5-FG2xSL18-NC-2-MG1,SL18-NC-5-FG2,SL18-NC-2-MG1,Within,6,Scott,Y,,GP,not healthy,GP,not healthy,GP,not healthy,11/5/2020,0,,11/19/2020,12/3/2020,12/17/2020,GP,LD,
GOM092,92,SL18-NC-5-FG3xSL18-LD-1-MG1,SL18-NC-5-FG3,SL18-LD-1-MG1,Top160,6,Scott,Y,,GP,,GP,,GP,,11/5/2020,0,,11/19/2020,12/3/2020,12/17/2020,GP,MD ,GREEN
GOM093,93,SL18-NC-5-FG3xSL18-UCONN-S94-MG1,SL18-NC-5-FG3,SL18-UCONN-S94-MG1,Top160,6,Scott,Y,,GP,,GP,,GP,,11/5/2020,0,,11/19/2020,12/3/2020,12/17/2020,GP,MD,
GOM094,94,SL18-NC-5-FG3xSL18-OI-11-MG1,SL18-NC-5-FG3,SL18-OI-11-MG1,Top160,6,Scott,Y,,GP,,GP,,GP,,11/5/2020,1,,11/19/2020,12/3/2020,12/17/2020,GP,LD,
GOM095,95,SL18-NC-5-FG3xSL18-OI-11-MG3,SL18-NC-5-FG3,SL18-OI-11-MG3,Top160,6,Scott,Y,,GP,,GP,,GP,,11/5/2020,1,,11/19/2020,12/3/2020,12/17/2020,SP,LD,
GOM097,97,SL18-NL-10-FG2xSL18-OI-11-MG1,SL18-NL-10-FG2,SL18-OI-11-MG1,Top160,7,Scott,Y,,GP,not healthy,GP,,GP,,11/5/2020,0,,11/19/2020,12/3/2020,12/17/2020,GP,LD,
GOM098,98,SL18-NL-10-FG2xSL18-LD-1-MG3,SL18-NL-10-FG2,SL18-LD-1-MG3,Top160,7,Scott,Y,,GP,,GP,,GP,not healthy,11/5/2020,0,,11/19/2020,12/3/2020,12/17/2020,GP,MD,GREEN
GOM099,99,SL18-NL-10-FG2xSL18-NL-6-MG1,SL18-NL-10-FG2,SL18-NL-6-MG1,Within,7,Scott,Y,,GP,,GP,,GP,not healthy,11/5/2020,0,,11/19/2020,12/3/2020,12/17/2020,GP,MD,
GOM100,100,SL18-NL-10-FG3xSL18-OI-11-MG1,SL18-NL-10-FG3,SL18-OI-11-MG1,Top160,7,Scott,Y,,GP,,GP,,GP,,11/5/2020,0,,11/19/2020,12/3/2020,12/17/2020,GP,MD,
GOM101,101,SL18-NL-10-FG3xSL18-OI-11-MG3,SL18-NL-10-FG3,SL18-OI-11-MG3,Top160,7,Scott,Y,,SP_100,,EmbrSP,,GP,,11/2/2020,25,,11/16/2020,11/30/2020,12/14/2020,GP,LD,
GOM102,102,SL18-NL-10-FG3xSL18-LD-1-MG3,SL18-NL-10-FG3,SL18-LD-1-MG3,Top160,8,Michael,Y,,GP,,GP,,GP,,11/5/2020,0,,11/19/2020,12/3/2020,12/17/2020,GP,MD,
GOM103,103,SL18-NL-2-FG1xSL18-CC-6-MG2,SL18-NL-2-FG1,SL18-CC-6-MG2,Diversity,7,Scott,Y,,GP,,GP,,GP,,11/5/2020,1,,11/19/2020,12/3/2020,12/17/2020,GP,MD,
GOM105,105,SL18-NL-3-FG2xSL18-SF-13-MG1,SL18-NL-3-FG2,SL18-SF-13-MG1,Top160,7,Scott,Y,,GP,,GP,,GP,,11/5/2020,0,,11/19/2020,12/3/2020,12/17/2020,GP,MD,
GOM106,106,SL18-NL-3-FG2xSL18-LD-1-MG1,SL18-NL-3-FG2,SL18-LD-1-MG1,Top160,7,Scott,Y,,SP_100,,EmbrSP,,GP,,11/2/2020,24,,11/16/2020,11/30/2020,12/14/2020,GP,LD,GREEN
GOM107,107,SL18-NL-3-FG3xSL18-JS-19-MG1,SL18-NL-3-FG3,SL18-JS-19-MG1,Top160,7,Scott,Y,,GP,,GP,,GP,not healthy,11/5/2020,0,,11/19/2020,12/3/2020,12/17/2020,GP,MD,
GOM108,108,SL18-NL-3-FG3xSL18-SF-13-MG1,SL18-NL-3-FG3,SL18-SF-13-MG1,Top160,7,Scott,Y,,GP,not healthy,GP,,GP,not healthy,11/5/2020,0,,11/19/2020,12/3/2020,12/17/2020,GP,HD,
GOM109,109,SL18-NL-5-FG1xSL18-SF-13-MG13,SL18-NL-5-FG1,SL18-SF-13-MG13,Diversity,7,Scott,Y,,GP,,GP,,GP,,11/5/2020,1,,11/19/2020,12/3/2020,12/17/2020,GP,MD,
GOM110,110,SL18-NL-5-FG3xSL18-OI-11-MG1,SL18-NL-5-FG3,SL18-OI-11-MG1,Top160,6,Scott,Y,,GP,,GP,,GP,,11/5/2020,2,,11/19/2020,12/3/2020,12/17/2020,GP,HD,
GOM111,111,SL18-NL-5-FG3xSL18-OI-11-MG3,SL18-NL-5-FG3,SL18-OI-11-MG3,Top160,6,Scott,Y,,GP,,GP,,GP,,11/5/2020,2,,11/19/2020,12/3/2020,12/17/2020,GP,MD,
GOM112,112,SL18-NL-6-FG1xSL18-OI-14-MG2,SL18-NL-6-FG1,SL18-OI-14-MG2,TopRep1,7,Scott,Y,,SP_100,,EmbrSP,,GP,,11/2/2020,40,,11/16/2020,11/30/2020,12/14/2020,GP,MD,GREEN
GOM113,113,SL18-NL-6-FG1xSL18-OI-14-MG2,SL18-NL-6-FG1,SL18-OI-14-MG2,TopRep2,7,Scott,Y,,GP,,GP,,GP,,11/5/2020,4,,11/19/2020,12/3/2020,12/17/2020,GP,HD,GREEN
GOM114,114,SL18-NL-6-FG1xSL18-SF-13-MG13,SL18-NL-6-FG1,SL18-SF-13-MG13,Diversity,7,Scott,Y,,GP,,GP,,GP,,11/5/2020,0,,11/19/2020,12/3/2020,12/17/2020,GP,MD,
GOM115,115,SL18-NL-7-FG4xSL18-OD-6-MG2,SL18-NL-7-FG4,SL18-OD-6-MG2,Diversity,7,Scott,Y,,SP_100,,EmbrSP,,GP,,11/2/2020,22,,11/16/2020,11/30/2020,12/14/2020,GP,MD,
GOM116,116,SL18-NL-7-FG4xSL18-OD-5-MG2,SL18-NL-7-FG4,SL18-OD-5-MG2,Diversity,7,Scott,Y,,GP,,GP,,GP,,11/5/2020,0,,11/19/2020,12/3/2020,12/17/2020,GP,MD,
GOM117,117,SL18-NL-7-FG4xSL18-CC-9-MG3,SL18-NL-7-FG4,SL18-CC-9-MG3,Diversity,7,Scott,Y,,Throw away,Green,GP,"not healthy, green",GP,"not healthy, green",NA,x,,#VALUE!,#VALUE!,#VALUE!,,,Exchange with GOM119
GOM118,118,SL18-NL-9-FG2xSL18-OD-10-MG3,SL18-NL-9-FG2,SL18-OD-10-MG3,Diversity,8,Michael,Y,,GP,,GP,,GP,,11/5/2020,0,,11/19/2020,12/3/2020,12/17/2020,GP,LD,
GOM119,119,SL18-OD-3-FG2xSL18-OI-11-MG1,SL18-OD-3-FG2,SL18-OI-11-MG1,Top160,7,Scott,Y,,GP,,GP,,GP,not healthy,11/5/2020,2,,11/19/2020,12/3/2020,12/17/2020,GP,MD,Exchange with GOM117
GOM120,120,SL18-OD-3-FG2xSL18-LD-1-MG3,SL18-OD-3-FG2,SL18-LD-1-MG3,Top160,7,Scott,Y,,GP,,GP,,GP,not healthy,11/5/2020,0,,11/19/2020,12/3/2020,12/17/2020,GP,LD,GREEN
GOM128,128,SL18-OD-5-FG1xSL18-SF-13-MG13,SL18-OD-5-FG1,SL18-SF-13-MG13,Diversity,7,Scott,Y,,GP,,GP,,GP,,11/5/2020,0,,11/19/2020,12/3/2020,12/17/2020,GP,MD,
GOM129,129,SL18-OD-5-FG1xSL18-NL-9-MG3,SL18-OD-5-FG1,SL18-NL-9-MG3,Diversity,7,Scott,Y,,GP,,GP,,GP,,11/5/2020,0,,11/19/2020,12/3/2020,12/17/2020,GP,MD,
GOM130,130,SL18-OD-5-FG1xSL18-NL-6-MG1,SL18-OD-5-FG1,SL18-NL-6-MG1,Diversity,7,Scott,Y,,GP,,GP,,GP,,11/5/2020,0,,11/19/2020,12/3/2020,12/17/2020,GP,LD,
GOM134,134,SL18-OI-11-FG3xSL18-NC-2-MG1,SL18-OI-11-FG3,SL18-NC-2-MG1,TopRep1,7,Scott,Y,,SP_100,11/3 checked SP_100,GP,,EmbrSP,,11/5/2020,47,,11/19/2020,12/3/2020,12/17/2020,SP,MD,
GOM135,135,SL18-OI-11-FG3xSL18-CC-1-MG3,SL18-OI-11-FG3,SL18-CC-1-MG3,TopRep1,7,Scott,Y,,GP,,GP,,GP,,11/5/2020,0,,11/19/2020,12/3/2020,12/17/2020,GP,LD,GREEN
GOM136,136,SL18-OI-11-FG3xSL18-NC-2-MG1,SL18-OI-11-FG3,SL18-NC-2-MG1,TopRep2,7,Scott,Y,,GP,,GP,,GP,,11/5/2020,15,,11/19/2020,12/3/2020,12/17/2020,GP,HD,
GOM137,137,SL18-OI-11-FG3xSL18-CC-1-MG3,SL18-OI-11-FG3,SL18-CC-1-MG3,TopRep2,7,Scott,Y,,GP,,GP,,GP,,11/5/2020,0,,11/19/2020,12/3/2020,12/17/2020,GP,MD,GREEN
GOM139,139,SL18-OI-15-FG1xSL18-UCONN-S143-MG3,SL18-OI-15-FG1,SL18-UCONN-S143-MG3,Top160,7,Scott,Y,,GP,,GP,,GP,,11/5/2020,11,,11/19/2020,12/3/2020,12/17/2020,GP,MD,GREEN
GOM140,140,SL18-OI-15-FG1xSL18-UCONN-S143-MG2,SL18-OI-15-FG1,SL18-UCONN-S143-MG2,Top160,7,Scott,Y,,Painted,,SP_100,,EmbrSP,,10/29/2020,34,,11/12/2020,11/26/2020,12/10/2020,GP,MD,GREEN
GOM141,141,SL18-OI-15-FG1xSL18-UCONN-S4-MG3,SL18-OI-15-FG1,SL18-UCONN-S4-MG3,Top160,8,Michael,Y,,GP,,GP,,GP,,11/5/2020,1,,11/19/2020,12/3/2020,12/17/2020,GP,HD,GREEN
GOM142,142,SL18-OI-15-FG3xSL18-LD-2-MG2,SL18-OI-15-FG3,SL18-LD-2-MG2,Top160,7,Scott,Y,,GP,,GP,,EmbrSP,,11/5/2020,9,,11/19/2020,12/3/2020,12/17/2020,GP,HD,
GOM153,153,SL18-OI-17-FG1xSL18-NC-2-MG3,SL18-OI-17-FG1,SL18-NC-2-MG3,Top160,8,Michael,Y,,Painted,,SP_100,,GP,,10/29/2020,29,,11/12/2020,11/26/2020,12/10/2020,SP,LD,
GOM155,155,SL18-OI-4-FG2xSL18-JS-6-MG1,SL18-OI-4-FG2,SL18-JS-6-MG1,Top160,7,Scott,Y,,GP,,GP,,GP,,11/5/2020,1,,11/19/2020,12/3/2020,12/17/2020,GP,MD,
GOM157,157,SL18-OI-6-FG2xSL18-LD-2-MG2,SL18-OI-6-FG2,SL18-LD-2-MG2,TopRep1,7,Scott,Y,,Painted,,SP_100,,EmbrSP,,10/29/2020,18,,11/12/2020,11/26/2020,12/10/2020,GP,LD,GREEN
GOM158,158,SL18-OI-6-FG2xSL18-LD-2-MG2,SL18-OI-6-FG2,SL18-LD-2-MG2,TopRep2,7,Scott,Y,,Painted,,SP_100,not healthy,EmbrSP,,10/29/2020,27,,11/12/2020,11/26/2020,12/10/2020,GP,LD ,GREEN
GOM159,159,SL18-OI-6-FG2xSL18-JS-6-MG2,SL18-OI-6-FG2,SL18-JS-6-MG2,Top160,7,Scott,Y,,Painted,,SP_100,,EmbrSP,,10/29/2020,37,,11/12/2020,11/26/2020,12/10/2020,GP,LD,GREEN
GOM160,160,SL18-OI-6-FG2xSA18-CB-7-MG1,SL18-OI-6-FG2,SA18-CB-7-MG1,Top160,7,Scott,Y,,Painted,,Painted,,SP_100,,10/22/2020,21,,11/5/2020,11/19/2020,12/3/2020,SP,MD,GREEN
GOM161,161,SL18-OI-6-FG2xSL18-JS-6-MG1,SL18-OI-6-FG2,SL18-JS-6-MG1,Top160,7,Scott,Y,,SP_100,"not healthy, bacteria",EmbrSP,,GP,,11/2/2020,17,,11/16/2020,11/30/2020,12/14/2020,GP,LD,GREEN
GOM162,162,SL18-OI-6-FG3xSL18-JS-6-MG1,SL18-OI-6-FG3,SL18-JS-6-MG1,TopRep1,7,Scott,Y,,SP_100,not healthy,EmbrSP,,GP,,11/2/2020,25,,11/16/2020,11/30/2020,12/14/2020,GP,MD,
GOM163,163,SL18-OI-6-FG3xSL18-JS-6-MG1,SL18-OI-6-FG3,SL18-JS-6-MG1,TopRep2,7,Scott,Y,,GP,,GP,,GP,,11/5/2020,2,,11/19/2020,12/3/2020,12/17/2020,GP,MD,
GOM164,164,SL18-OI-6-FG3xSL18-JS-6-MG1,SL18-OI-6-FG3,SL18-JS-6-MG1,Top160,7,Scott,Y,,GP,,GP,,GP,,11/5/2020,4,,11/19/2020,12/3/2020,12/17/2020,GP,HD,
GOM166,166,SL18-OI-6-FG3xSA18-CB-3-MG3,SL18-OI-6-FG3,SA18-CB-3-MG3,Top160,7,Scott,Y,,Painted,,SP_100,,EmbrSP,,10/29/2020,50,,11/12/2020,11/26/2020,12/10/2020,SP,HD,
GOM172,172,SL18-OI-9-FG2xSL18-LD-1-MG1,SL18-OI-9-FG2,SL18-LD-1-MG1,Top160,7,Scott,Y,"FG,MG looks like 1:1 while crossing",SP_100,,EmbrSP,,GP,,11/2/2020,29,,11/16/2020,11/30/2020,12/14/2020,GP,HD,GREEN
GOM173,173,SL18-OI-9-FG2xSL18-UCONN-S94-MG1,SL18-OI-9-FG2,SL18-UCONN-S94-MG1,Top160,7,Scott,Y,,SP_100,,EmbrSP,,GP,,11/2/2020,70,,11/16/2020,11/30/2020,12/14/2020,GP,HD,
GOM174,174,SL18-SF-13-FG2xSL18-NC-2-MG1,SL18-SF-13-FG2,SL18-NC-2-MG1,Top160,7,Scott,Y,,SP_100,,EmbrSP,,GP,,11/2/2020,13,,11/16/2020,11/30/2020,12/14/2020,GP,MD,
GOM175,175,SL18-SF-13-FG2xSL18-NC-2-MG3,SL18-SF-13-FG2,SL18-NC-2-MG3,Top160,7,Scott,Y,,SP_100,,EmbrSP,,GP,,11/2/2020,51,,11/16/2020,11/30/2020,12/14/2020,GP,MD,
GOM176,176,SL18-SF-13-FG2xSL18-OI-17-MG1,SL18-SF-13-FG2,SL18-OI-17-MG1,Top160,7,Scott,Y,,GP,,GP,not healthy,GP,,11/5/2020,0,,11/19/2020,12/3/2020,12/17/2020,GP,MD,GREEN
GOM177,177,SL18-SF-13-FG2xSL18-UCONN-S5-MG1,SL18-SF-13-FG2,SL18-UCONN-S5-MG1,Top160,7,Scott,Y,,Painted,,SP_100,,GP,,10/29/2020,55,,11/12/2020,11/26/2020,12/10/2020,SP,MD,
GOM178,178,SL18-SF-13-FG2xSL18-UCONN-S2-MG3,SL18-SF-13-FG2,SL18-UCONN-S2-MG3,Top160,7,Scott,Y,,SP_100,,EmbrSP,,EmbrSP,,11/2/2020,108,,11/16/2020,11/30/2020,12/14/2020,GP,HD,
GOM179,179,SL18-SF-17-FG2xSA18-CB-1-MG13,SL18-SF-17-FG2,SA18-CB-1-MG13,TopRep1,7,Scott,Y,,SP_100,"not healthy, bacteria",EmbrSP,,GP,,11/2/2020,15,,11/16/2020,11/30/2020,12/14/2020,GP,HD,
GOM180,180,SL18-SF-17-FG2xSL18-OI-4-MG3,SL18-SF-17-FG2,SL18-OI-4-MG3,TopRep1,7,Scott,Y,,GP,,GP,,GP,,11/5/2020,6,,11/19/2020,12/3/2020,12/17/2020,GP,HD,
GOM181,181,SL18-SF-17-FG2xSA18-CB-1-MG13,SL18-SF-17-FG2,SA18-CB-1-MG13,TopRep2,7,Scott,Y,,SP_100,,EmbrSP,,GP,,11/2/2020,35,,11/16/2020,11/30/2020,12/14/2020,GP,HD,
GOM182,182,SL18-SF-17-FG2xSL18-OI-4-MG3,SL18-SF-17-FG2,SL18-OI-4-MG3,TopRep2,7,Scott,Y,,GP,,GP,,GP,,11/5/2020,4,,11/19/2020,12/3/2020,12/17/2020,GP,HD,
GOM183,183,SL18-SF-17-FG2xSL18-JS-6-MG1,SL18-SF-17-FG2,SL18-JS-6-MG1,Top160,7,Scott,Y,,GP,,GP,,GP,,11/5/2020,2,,11/19/2020,12/3/2020,12/17/2020,GP,MD,
GOM184,184,SL18-UCONN-S142-FG1xSL18-OI-17-MG3,SL18-UCONN-S142-FG1,SL18-OI-17-MG3,Top160,6,Scott,Y,,GP,,GP,,GP,,11/5/2020,2,,11/19/2020,12/3/2020,12/17/2020,GP,MD,
GOM185,185,SL18-UCONN-S142-FG1xSL18-OI-15-MG1,SL18-UCONN-S142-FG1,SL18-OI-15-MG1,Top160,6,Scott,Y,,SP_300,,EmbrSP,,GP,,11/2/2020,62,,11/16/2020,11/30/2020,12/14/2020,SP,HD,
GOM186,186,SL18-UCONN-S142-FG2xSL18-OI-15-MG1,SL18-UCONN-S142-FG2,SL18-OI-15-MG1,Top160,6,Scott,Y,,Painted,,SP_100,,GP,,10/29/2020,174,,11/12/2020,11/26/2020,12/10/2020,SP,HD,
GOM187,187,SL18-UCONN-S142-FG2xSL18-OI-4-MG2,SL18-UCONN-S142-FG2,SL18-OI-4-MG2,Top160,6,Scott,Y,,Painted,,SP_100,,EmbrSP,,10/29/2020,76,,11/12/2020,11/26/2020,12/10/2020,GP,HD,
GOM188,188,SL18-UCONN-S142-FG3xSL18-OI-17-MG3,SL18-UCONN-S142-FG3,SL18-OI-17-MG3,Top160,6,Scott,Y,,GP,,GP,,GP,,11/5/2020,2,,11/19/2020,12/3/2020,12/17/2020,GP,MD,
GOM189,189,SL18-UCONN-S142-FG3xSL18-OI-15-MG1,SL18-UCONN-S142-FG3,SL18-OI-15-MG1,Top160,6,Scott,Y,,Painted,,SP_100,,GP,,10/29/2020,145,,11/12/2020,11/26/2020,12/10/2020,SP,HD,
GOM192,192,SL18-UCONN-S143-FG2xSL18-OI-17-MG1,SL18-UCONN-S143-FG2,SL18-OI-17-MG1,Top160,6,Scott,Y,,GP,,GP,,GP,not healthy,11/5/2020,0,,11/19/2020,12/3/2020,12/17/2020,GP,HD,GREEN
GOM194,194,SL18-UCONN-S143-FG3xSL18-OI-17-MG1,SL18-UCONN-S143-FG3,SL18-OI-17-MG1,Top160,6,Scott,Y,,GP,,GP,,GP,,11/5/2020,0,,11/19/2020,12/3/2020,12/17/2020,GP,LD,GREEN
GOM195,195,SL18-UCONN-S143-FG3xSL18-LD-2-MG2,SL18-UCONN-S143-FG3,SL18-LD-2-MG2,Top160,6,Scott,Y,,SP_100,,GP,,GP,,11/5/2020,35,,11/19/2020,12/3/2020,12/17/2020,GP,MD,
GOM196,196,SL18-UCONN-S157-FG1xSL18-OI-17-MG1,SL18-UCONN-S157-FG1,SL18-OI-17-MG1,Top160,6,Scott,Y,,GP,,GP,Green,GP,,11/5/2020,0,,11/19/2020,12/3/2020,12/17/2020,GP,MD,GREEN
GOM197,197,SL18-UCONN-S157-FG1xSL18-LD-2-MG2,SL18-UCONN-S157-FG1,SL18-LD-2-MG2,Top160,6,Scott,Y,,GP,,GP,,GP,,11/5/2020,0,,11/19/2020,12/3/2020,12/17/2020,GP,HD,
GOM198,198,SL18-UCONN-S157-FG2xSL18-LD-2-MG2,SL18-UCONN-S157-FG2,SL18-LD-2-MG2,Top160,6,Scott,Y,,GP,,GP,,GP,,11/5/2020,7,,11/19/2020,12/3/2020,12/17/2020,GP,HD,
GOM199,199,SL18-UCONN-S157-FG2xSL18-OI-17-MG3,SL18-UCONN-S157-FG2,SL18-OI-17-MG3,Top160,6,Scott,Y,,GP,not healthy,GP,,GP,,11/5/2020,0,,11/19/2020,12/3/2020,12/17/2020,GP,LD,
GOM200,200,SL18-UCONN-S157-FG3xSL18-LD-2-MG2,SL18-UCONN-S157-FG3,SL18-LD-2-MG2,Top160,6,Scott,Y,,SP_100,,EmbrSP,,GP,,11/2/2020,25,,11/16/2020,11/30/2020,12/14/2020,GP,HD,
GOM201,201,SL18-UCONN-S157-FG3xSL18-OI-17-MG3,SL18-UCONN-S157-FG3,SL18-OI-17-MG3,Top160,6,Scott,Y,,GP,,GP,,GP,,11/5/2020,1,,11/19/2020,12/3/2020,12/17/2020,GP,LD,
GOM202,202,SL18-UCONN-S158-FG1xSL18-SF-13-MG1,SL18-UCONN-S158-FG1,SL18-SF-13-MG1,Top160,6,Scott,Y,,GP,,GP,,GP,,11/5/2020,1,,11/19/2020,12/3/2020,12/17/2020,GP,HD,
GOM203,203,SL18-UCONN-S158-FG1xSL18-LD-1-MG1,SL18-UCONN-S158-FG1,SL18-LD-1-MG1,Top160,6,Scott,Y,,Painted,,SP_300,,EmbrSp,,10/27/2020,136,,11/10/2020,11/24/2020,12/8/2020,SP,HD,
GOM206,206,SL18-UCONN-S2-FG1xSL18-NC-2-MG3,SL18-UCONN-S2-FG1,SL18-NC-2-MG3,Top160,6,Scott,Y,,Painted,,SP_100,,GP,,10/29/2020,208,,11/12/2020,11/26/2020,12/10/2020,SP,MD,
GOM207,207,SL18-UCONN-S2-FG1xSL18-OI-17-MG1,SL18-UCONN-S2-FG1,SL18-OI-17-MG1,Top160,6,Scott,Y,,GP,not healthy,GP,,GP,,11/5/2020,0,,11/19/2020,12/3/2020,12/17/2020,GP,MD,GREEN
GOM208,208,SL18-UCONN-S2-FG3xSL18-NC-2-MG3,SL18-UCONN-S2-FG3,SL18-NC-2-MG3,Top160,6,Scott,Y,,Painted,,SP_300,,EmbrSp,,10/27/2020,72,,11/10/2020,11/24/2020,12/8/2020,SP,MD,
GOM209,209,SL18-UCONN-S2-FG3xSL18-OI-17-MG1,SL18-UCONN-S2-FG3,SL18-OI-17-MG1,Top160,6,Scott,Y,,Painted,,SP_100,,GP,,10/29/2020,27,,11/12/2020,11/26/2020,12/10/2020,GP,LD,GREEN
GOM212,212,SL18-UCONN-S57-FG1xSL18-OI-11-MG1,SL18-UCONN-S57-FG1,SL18-OI-11-MG1,Top160,6,Scott,Y,,Painted,,Painted,,SP_100,,10/22/2020,116,,11/5/2020,11/19/2020,12/3/2020,LSP,HD,
GOM213,213,SL18-UCONN-S57-FG1xSL18-OI-11-MG3,SL18-UCONN-S57-FG1,SL18-OI-11-MG3,Top160,6,Scott,Y,,Painted,,Painted,,SP_100,,10/22/2020,44,,11/5/2020,11/19/2020,12/3/2020,LSP,HD,
GOM214,214,SL18-UCONN-S57-FG2xSL18-OI-11-MG1,SL18-UCONN-S57-FG2,SL18-OI-11-MG1,Top160,6,Scott,Y,,Painted,,SP_300,,GP,,10/27/2020,76,,11/10/2020,11/24/2020,12/8/2020,LSP,MD,
GOM215,215,SL18-UCONN-S57-FG2xSL18-OI-11-MG3,SL18-UCONN-S57-FG2,SL18-OI-11-MG3,Top160,6,Scott,Y,,Painted,,SP_100,,GP,,10/29/2020,113,,11/12/2020,11/26/2020,12/10/2020,SP,HD,
GOM216,216,SL18-UCONN-S57-FG3xSL18-OI-11-MG1,SL18-UCONN-S57-FG3,SL18-OI-11-MG1,Top160,8,Michael,Y,,GP,,GP,half bleached,GP,bleached,11/5/2020,7,,11/19/2020,12/3/2020,12/17/2020,LSP,LD,
GOM217,217,SL18-UCONN-S57-FG3xSL18-OI-11-MG3,SL18-UCONN-S57-FG3,SL18-OI-11-MG3,Top160,8,Michael,Y,,Painted,,SP_100,"half dead, half live",GP,"Almost dead, bleached",10/29/2020,15,,11/12/2020,11/26/2020,12/10/2020,LSP,LD,
GOM220,220,SL18-UCONN-S94-FG2xSL18-OI-17-MG3,SL18-UCONN-S94-FG2,SL18-OI-17-MG3,Top160,6,Scott,Y,,EmbrSP,,EmbrSP,,GP,,11/5/2020,0,,11/19/2020,12/3/2020,12/17/2020,GP,MD,
GOM221,221,SL18-UCONN-S94-FG2xSL18-OI-15-MG1,SL18-UCONN-S94-FG2,SL18-OI-15-MG1,Top160,6,Scott,Y,,SP_100,,GP,,GP,,11/5/2020,78,,11/19/2020,12/3/2020,12/17/2020,SP,MD,
GOM222,222,SL18-UCONN-S94-FG3xSL18-OI-17-MG3,SL18-UCONN-S94-FG3,SL18-OI-17-MG3,Top160,6,Scott,Y,,Painted,,SP_300,,EmbrSp,,10/27/2020,26,,11/10/2020,11/24/2020,12/8/2020,LSP,MD,
GOM223,223,SL18-UCONN-S94-FG3xSL18-OI-15-MG1,SL18-UCONN-S94-FG3,SL18-OI-15-MG1,Top160,6,Scott,Y,,Painted,,Painted,,SP_100,,10/22/2020,96,,11/5/2020,11/19/2020,12/3/2020,LSP,HD,
GOM227,227,SL18-CC-1-FG2xSL18-OI-11-MG2,SL18-CC-1-FG2,SL18-OI-11-MG2,Extra,7,Scott,Y,,Painted,,SP_300,,EmbrSP,,10/27/2020,253,,11/10/2020,11/24/2020,12/8/2020,LSP,MD,
GOM228,228,SL18-CC-1-FG2xSL18-CC-2-MG6,SL18-CC-1-FG2,SL18-CC-2-MG6,Extra,7,Scott,Y,,Painted,,SP_300,,EmbrSP,,10/27/2020,163,,11/10/2020,11/24/2020,12/8/2020,SP,MD,
GOM229,229,SL18-CC-1-FG2xSL18-CC-7-MG2,SL18-CC-1-FG2,SL18-CC-7-MG2,Extra,7,Scott,Y,,Painted,,SP_100,,GP,,10/29/2020,55,,11/12/2020,11/26/2020,12/10/2020,SP,MD,GREEN
GOM230,230,SL18-CC-1-FG2xSL18-OI-18-MG3,SL18-CC-1-FG2,SL18-OI-18-MG3,Extra,7,Scott,Y,,Painted,,Painted,,SP_100,,10/22/2020,121,,11/5/2020,11/19/2020,12/3/2020,SP,HD,
GOM231,231,SL18-CC-1-FG3xSL18-OI-9-MG3,SL18-CC-1-FG3,SL18-OI-9-MG3,Extra,7,Scott,Y,,Painted,,Painted,,SP_100,,10/22/2020,123,,11/5/2020,11/19/2020,12/3/2020,SP,LD,GREEN
GOM232,232,SL18-CC-1-FG3xSL18-OI-14-MG1,SL18-CC-1-FG3,SL18-OI-14-MG1,Extra,7,Scott,Y,,GP,,GP,"not healthy, green",GP,,11/5/2020,5,,11/19/2020,12/3/2020,12/17/2020,GP,LD,
GOM234,234,SL18-CC-3-FG1xSL18-CC-11-MG6,SL18-CC-3-FG1,SL18-CC-11-MG6,Extra,8,Michael,Y,,GP,,GP,,GP,,11/5/2020,0,,11/19/2020,12/3/2020,12/17/2020,GP,MD,
GOM235,235,SL18-CC-3-FG1xSL18-OI-7-MG2,SL18-CC-3-FG1,SL18-OI-7-MG2,Extra,8,Michael,Y,,Painted,,SP_100,,SP_100,,10/29/2020,23,,11/12/2020,11/26/2020,12/10/2020,SP,MD,
GOM236,236,SL18-CC-3-FG1xSL18-LD-2-MG3,SL18-CC-3-FG1,SL18-LD-2-MG3,Extra,7,Scott,Y,,SP_100,Green; not healthy,EmbrSP,Green,GP,,11/2/2020,19,,11/16/2020,11/30/2020,12/14/2020,GP,MD,GREEN
GOM237,237,SL18-CC-3-FG1xSL18-OI-7-MG1,SL18-CC-3-FG1,SL18-OI-7-MG1,Extra,7,Scott,Y,,Painted,,Painted,,SP_100,,10/22/2020,29,,11/5/2020,11/19/2020,12/3/2020,LSP,HD,
GOM238,238,SL18-CC-6-FG1xSL18-CC-11-MG6,SL18-CC-6-FG1,SL18-CC-11-MG6,Extra,7,Scott,Y,,SP_300,"not healthy, bacteria",EmbrSP,not healthy,GP,,11/2/2020,13,,11/16/2020,11/30/2020,12/14/2020,SP,LD,GREEN
GOM240,240,SL18-CC-6-FG1xSL18-OD-10-MG1,SL18-CC-6-FG1,SL18-OD-10-MG1,Extra,7,Scott,Y,,Painted,,Painted,,SP_100,,10/22/2020,18,,11/5/2020,11/19/2020,12/3/2020,LSP,HD,
GOM241,241,SL18-CC-6-FG1xSA18-CB-2-MG2,SL18-CC-6-FG1,SA18-CB-2-MG2,Extra,7,Scott,Y,,Painted,,Painted,,SP_100,,10/22/2020,130,,11/5/2020,11/19/2020,12/3/2020,LSP,HD,
GOM242,242,SL18-CC-6-FG1xSL18-OI-9-MG3,SL18-CC-6-FG1,SL18-OI-9-MG3,Extra,7,Scott,Y,,Painted,,Painted,,SP_100,bacteria,10/22/2020,112,,11/5/2020,11/19/2020,12/3/2020,SP,LD,GREEN
GOM243,243,SL18-CC-6-FG2xSL18-CC-11-MG6,SL18-CC-6-FG2,SL18-CC-11-MG6,Extra,7,Scott,Y,,GP,,GP,not healthy,GP,not healthy,11/5/2020,3,,11/19/2020,12/3/2020,12/17/2020,GP,MD,
GOM245,245,SL18-CC-6-FG2xSL18-OI-9-MG3,SL18-CC-6-FG2,SL18-OI-9-MG3,Extra,7,Scott,Y,,Painted,,Painted,,SP_100,"green,bacteria",10/22/2020,57,,11/5/2020,11/19/2020,12/3/2020,GP,LD,GREEN
GOM246,246,SL18-CC-6-FG2xSL18-OI-14-MG1,SL18-CC-6-FG2,SL18-OI-14-MG1,Extra,7,Scott,Y,,GP,,GP,not healthy,GP,not healthy,11/5/2020,0,,11/19/2020,12/3/2020,12/17/2020,LSP,LD,
GOM247,247,SL18-CC-6-FG2xSL18-OI-18-MG1,SL18-CC-6-FG2,SL18-OI-18-MG1,Extra,7,Scott,Y,,Painted,,Painted,,SP_100,,10/22/2020,99,,11/5/2020,11/19/2020,12/3/2020,LSP,HD,
GOM248,248,SL18-CC-6-FG3xSL18-OI-14-MG1,SL18-CC-6-FG3,SL18-OI-14-MG1,Extra,8,Michael,Y,,Throw away,dead,GP,"Almost dead, green",GP,,NA,x,,#VALUE!,#VALUE!,#VALUE!,,,
GOM249,249,SL18-CC-6-FG3xSL18-OI-18-MG1,SL18-CC-6-FG3,SL18-OI-18-MG1,Extra,8,Michael,Y,,Painted,,Painted,,SP_100,,10/22/2020,92,,11/5/2020,11/19/2020,12/3/2020,SP,LD,
GOM250,250,SL18-CC-6-FG3xSL18-OI-11-MG2,SL18-CC-6-FG3,SL18-OI-11-MG2,Extra,8,Michael,Y,,Painted,,Painted,,SP_100,,10/22/2020,79,,11/5/2020,11/19/2020,12/3/2020,SP,HD,
GOM251,251,SL18-CC-6-FG3xSL18-CC-2-MG6,SL18-CC-6-FG3,SL18-CC-2-MG6,Extra,8,Michael,Y,,Painted,,SP_300,,EmbrSp,,10/27/2020,174,,11/10/2020,11/24/2020,12/8/2020,SP,HD,
GOM252,252,SL18-CC-6-FG3xSL18-CC-7-MG1,SL18-CC-6-FG3,SL18-CC-7-MG1,Extra,8,Michael,Y,,Painted,,Painted,,SP_100,,10/22/2020,68,,11/5/2020,11/19/2020,12/3/2020,SP,MD,
GOM255,255,SL18-CC-9-FG1xSL18-CC-11-MG6,SL18-CC-9-FG1,SL18-CC-11-MG6,Extra,7,Scott,Y,,GP,,GP,,GP,,11/5/2020,2,,11/19/2020,12/3/2020,12/17/2020,GP,MD,
GOM256,256,SL18-CC-9-FG1xSL18-OI-9-MG3,SL18-CC-9-FG1,SL18-OI-9-MG3,Extra,7,Scott,Y,,Painted,,SP_100,,EmbrSp,,10/29/2020,0,,11/12/2020,11/26/2020,12/10/2020,GP,LD,GREEN
GOM257,257,SL18-CC-9-FG1xSL18-OI-14-MG1,SL18-CC-9-FG1,SL18-OI-14-MG1,Extra,7,Scott,Y,,GP,,GP,,GP,,11/5/2020,0,,11/19/2020,12/3/2020,12/17/2020,GP,MD,
GOM258,258,SL18-CC-9-FG1xSL18-OI-18-MG1,SL18-CC-9-FG1,SL18-OI-18-MG1,Extra,7,Scott,Y,,Painted,,SP_100,,EmbrSp,,10/29/2020,54,,11/12/2020,11/26/2020,12/10/2020,SP,LD,
GOM259,259,SL18-CC-9-FG1xSL18-OI-11-MG2,SL18-CC-9-FG1,SL18-OI-11-MG2,Extra,7,Scott,Y,,Painted,,SP_300,,EmbrSp,,10/27/2020,144,,11/10/2020,11/24/2020,12/8/2020,SP,HD,
GOM264,264,SL18-JS-16-FG1xSL18-CC-2-MG6,SL18-JS-16-FG1,SL18-CC-2-MG6,Extra,8,Michael,Y,,Painted,,SP_300,,EmbrSp,,10/27/2020,121,,11/10/2020,11/24/2020,12/8/2020,SP,MD,
GOM265,265,SL18-JS-16-FG1xSL18-CC-7-MG1,SL18-JS-16-FG1,SL18-CC-7-MG1,Extra,8,Michael,Y,,Painted,,SP_300,,EmbrSp,,10/27/2020,41,,11/10/2020,11/24/2020,12/8/2020,SP,MD,
GOM266,266,SL18-JS-16-FG1xSL18-CC-7-MG2,SL18-JS-16-FG1,SL18-CC-7-MG2,Extra,8,Michael,Y,,Painted,,SP_100,,GP,,10/29/2020,127,,11/12/2020,11/26/2020,12/10/2020,SP,LD,
GOM267,267,SL18-JS-16-FG1xSL18-OI-18-MG3,SL18-JS-16-FG1,SL18-OI-18-MG3,Extra,8,Michael,Y,,Painted,,SP_100,,GP,,10/29/2020,87,,11/12/2020,11/26/2020,12/10/2020,SP,MD,
GOM268,268,SL18-JS-16-FG1xSL18-OI-18-MG4,SL18-JS-16-FG1,SL18-OI-18-MG4,Extra,8,Michael,Y,,Painted,,SP_100,,EmbrSp,,10/29/2020,81,,11/12/2020,11/26/2020,12/10/2020,SP,MD,
GOM270,270,SL18-JS-19-FG2xSL18-LD-1-MG3,SL18-JS-19-FG2,SL18-LD-1-MG3,Extra,7,Scott,Y,,GP,,GP,not healthy,GP,not healthy,11/5/2020,22,,11/19/2020,12/3/2020,12/17/2020,GP,MD,
GOM271,271,SL18-JS-19-FG2xSL18-CC-11-MG6,SL18-JS-19-FG2,SL18-CC-11-MG6,Extra,7,Scott,Y,,GP,,GP,Almost dead,GP,not healthy,11/5/2020,0,,11/19/2020,12/3/2020,12/17/2020,GP,LD,
GOM272,272,SL18-JS-19-FG2xSL18-OI-7-MG2,SL18-JS-19-FG2,SL18-OI-7-MG2,Extra,7,Scott,Y,,GP,,GP,not healthy,GP,not healthy,11/5/2020,0,,11/19/2020,12/3/2020,12/17/2020,GP,HD,
GOM273,273,SL18-JS-19-FG2xSL18-LD-2-MG3,SL18-JS-19-FG2,SL18-LD-2-MG3,Extra,7,Scott,Y,,Throw away,,GP,"not healthy, green",GP,"not heatlhy, green",NA,x,,#VALUE!,#VALUE!,#VALUE!,,,
GOM274,274,SL18-JS-19-FG2xSL18-OI-7-MG1,SL18-JS-19-FG2,SL18-OI-7-MG1,Extra,7,Scott,Y,,GP,,GP,,GP,,11/5/2020,0,,11/19/2020,12/3/2020,12/17/2020,GP,HD,
GOM275,275,SL18-JS-19-FG3xSL18-LD-1-MG3,SL18-JS-19-FG3,SL18-LD-1-MG3,Extra,7,Scott,Y,,Painted,,Painted,,SP_100,,10/22/2020,108,,11/5/2020,11/19/2020,12/3/2020,LSP,HD,
GOM276,276,SL18-JS-19-FG3xSL18-UCONN-S32-MG1,SL18-JS-19-FG3,SL18-UCONN-S32-MG1,Extra,7,Scott,Y,,Painted,,Painted,,SP_100,,10/22/2020,59,,11/5/2020,11/19/2020,12/3/2020,LSP,HD,
GOM277,277,SL18-JS-19-FG3xSL18-CC-11-MG6,SL18-JS-19-FG3,SL18-CC-11-MG6,Extra,7,Scott,Y,,GP,,GP,,GP,,11/5/2020,3,,11/19/2020,12/3/2020,12/17/2020,LSP,HD,
GOM278,278,SL18-JS-19-FG3xSL18-OI-7-MG2,SL18-JS-19-FG3,SL18-OI-7-MG2,Extra,7,Scott,Y,,Painted,,Painted,,SP_100,,10/22/2020,43,,11/5/2020,11/19/2020,12/3/2020,LSP,HD,
GOM279,279,SL18-JS-5-FG1xSL18-CC-7-MG1,SL18-JS-5-FG1,SL18-CC-7-MG1,Extra,8,Michael,Y,,Painted,,SP_300,,EmbrSp,,10/27/2020,69,,11/10/2020,11/24/2020,12/8/2020,SP,HD,
GOM280,280,SL18-JS-5-FG1xSL18-CC-7-MG2,SL18-JS-5-FG1,SL18-CC-7-MG2,Extra,8,Michael,Y,,Painted,,SP_100,,GP,,10/29/2020,85,,11/12/2020,11/26/2020,12/10/2020,SP,MD,
GOM281,281,SL18-JS-5-FG1xSL18-OI-18-MG3,SL18-JS-5-FG1,SL18-OI-18-MG3,Extra,8,Michael,Y,,Painted,,SP_300,,EmbrSp,,10/27/2020,102,,11/10/2020,11/24/2020,12/8/2020,LSP,HD,
GOM282,282,SL18-JS-5-FG1xSL18-OI-18-MG4,SL18-JS-5-FG1,SL18-OI-18-MG4,Extra,8,Michael,Y,,Painted,,SP_100,,EmbrSp,,10/29/2020,118,,11/12/2020,11/26/2020,12/10/2020,SP,MD,
GOM283,283,SL18-JS-5-FG1xSL18-JS-11-MG3,SL18-JS-5-FG1,SL18-JS-11-MG3,Extra,8,Michael,Y,,Painted,,SP_300,,GP,,10/27/2020,119,,11/10/2020,11/24/2020,12/8/2020,SP,HD,
GOM284,284,SL18-JS-5-FG2xSL18-OI-11-MG2,SL18-JS-5-FG2,SL18-OI-11-MG2,Extra,8,Michael,Y,,Painted,,SP_100,,GP,,10/29/2020,98,,11/12/2020,11/26/2020,12/10/2020,GP,MD,
GOM285,285,SL18-JS-5-FG2xSL18-CC-2-MG6,SL18-JS-5-FG2,SL18-CC-2-MG6,Extra,8,Michael,Y,,Painted,,SP_100,,GP,,10/29/2020,120,,11/12/2020,11/26/2020,12/10/2020,SP,HD,
GOM286,286,SL18-JS-5-FG2xSL18-CC-7-MG1,SL18-JS-5-FG2,SL18-CC-7-MG1,Extra,8,Michael,Y,,Painted,,SP_100,,GP,,10/29/2020,38,,11/12/2020,11/26/2020,12/10/2020,SP,MD,
GOM287,287,SL18-JS-5-FG2xSL18-CC-7-MG2,SL18-JS-5-FG2,SL18-CC-7-MG2,Extra,8,Michael,Y,,Painted,,SP_100,,GP,,10/29/2020,89,,11/12/2020,11/26/2020,12/10/2020,SP,MD,
GOM288,288,SL18-JS-5-FG2xSL18-OI-18-MG3,SL18-JS-5-FG2,SL18-OI-18-MG3,Extra,8,Michael,Y,,GP,,GP,,GP,,11/5/2020,0,,11/19/2020,12/3/2020,12/17/2020,GP,MD,
GOM289,289,SL18-JS-9-FG2xSL18-CC-7-MG1,SL18-JS-9-FG2,SL18-CC-7-MG1,Extra,8,Michael,Y,,GP,,GP,,GP,,11/5/2020,2,,11/19/2020,12/3/2020,12/17/2020,GP,MD,
GOM290,290,SL18-JS-9-FG2xSL18-CC-7-MG2,SL18-JS-9-FG2,SL18-CC-7-MG2,Extra,8,Michael,Y,,GP,,GP,,GP,,11/5/2020,0,,11/19/2020,12/3/2020,12/17/2020,GP,MD,GREEN
GOM291,291,SL18-JS-9-FG2xSL18-OI-18-MG3,SL18-JS-9-FG2,SL18-OI-18-MG3,Extra,8,Michael,Y,,GP,,GP,,GP,,11/5/2020,0,,11/19/2020,12/3/2020,12/17/2020,GP,MD,
GOM292,292,SL18-JS-9-FG2xSL18-OI-18-MG4,SL18-JS-9-FG2,SL18-OI-18-MG4,Extra,8,Michael,Y,,GP,,GP,,GP,,11/5/2020,0,,11/19/2020,12/3/2020,12/17/2020,GP,MD,
GOM293,293,SL18-JS-9-FG2xSL18-JS-11-MG3,SL18-JS-9-FG2,SL18-JS-11-MG3,Extra,8,Michael,Y,,GP,,GP,,GP,,11/5/2020,0,,11/19/2020,12/3/2020,12/17/2020,GP,HD,
GOM294,294,SL18-NC-10-FG1xSL18-OI-11-MG2,SL18-NC-10-FG1,SL18-OI-11-MG2,Extra,8,Michael,Y,,GP,,GP,,GP,,11/5/2020,0,,11/19/2020,12/3/2020,12/17/2020,GP,LD,
GOM295,295,SL18-NC-10-FG1xSL18-CC-2-MG6,SL18-NC-10-FG1,SL18-CC-2-MG6,Extra,8,Michael,Y,,GP,,GP,,GP,,11/5/2020,0,,11/19/2020,12/3/2020,12/17/2020,GP,MD,
GOM296,296,SL18-NC-12-FG2xSL18-OI-9-MG3,SL18-NC-12-FG2,SL18-OI-9-MG3,Extra,7,Scott,Y,,Throw away,,GP,Green,GP,,NA,x,,#VALUE!,#VALUE!,#VALUE!,,,
GOM297,297,SL18-NC-12-FG2xSL18-OI-14-MG1,SL18-NC-12-FG2,SL18-OI-14-MG1,Extra,7,Scott,Y,,GP,,GP,,GP,,11/5/2020,0,,11/19/2020,12/3/2020,12/17/2020,GP,MD,
GOM298,298,SL18-NC-15-FG1xSL18-OI-18-MG1,SL18-NC-15-FG1,SL18-OI-18-MG1,Extra,8,Michael,Y,,GP,,GP,,GP,,11/5/2020,1,,11/19/2020,12/3/2020,12/17/2020,GP,MD,
GOM299,299,SL18-NC-15-FG1xSL18-OI-11-MG2,SL18-NC-15-FG1,SL18-OI-11-MG2,Extra,8,Michael,Y,,GP,,GP,,GP,,11/5/2020,4,,11/19/2020,12/3/2020,12/17/2020,GP,HD,
GOM301,301,SL18-NC-15-FG2xSL18-OI-18-MG1,SL18-NC-15-FG2,SL18-OI-18-MG1,Extra,8,Michael,Y,,GP,,GP,,GP,,11/5/2020,0,,11/19/2020,12/3/2020,12/17/2020,GP,HD,
GOM302,302,SL18-NC-15-FG2xSL18-OI-11-MG2,SL18-NC-15-FG2,SL18-OI-11-MG2,Extra,8,Michael,Y,,GP,,GP,,GP,,11/5/2020,12,,11/19/2020,12/3/2020,12/17/2020,SP,MD,
GOM303,303,SL18-NC-15-FG2xSL18-CC-2-MG6,SL18-NC-15-FG2,SL18-CC-2-MG6,Extra,8,Michael,Y,,GP,,GP,,GP,,11/5/2020,0,,11/19/2020,12/3/2020,12/17/2020,GP,HD,
GOM304,304,SL18-NC-15-FG2xSL18-CC-7-MG1,SL18-NC-15-FG2,SL18-CC-7-MG1,Extra,8,Michael,Y,,GP,,GP,,GP,,11/5/2020,3,,11/19/2020,12/3/2020,12/17/2020,GP,HD,
GOM305,305,SL18-NC-15-FG2xSL18-CC-7-MG2,SL18-NC-15-FG2,SL18-CC-7-MG2,Extra,8,Michael,Y,,GP,,GP,,GP,,11/5/2020,0,,11/19/2020,12/3/2020,12/17/2020,GP,HD,
GOM310,310,SL18-NC-1-FG1xSL18-OI-11-MG2,SL18-NC-1-FG1,SL18-OI-11-MG2,Extra,8,Michael,Y,,SP_100,"not healthy, bacteria",EmbrSP,,GP,,11/2/2020,19,,11/16/2020,11/30/2020,12/14/2020,GP,HD,
GOM312,312,SL18-NC-5-FG2xSL18-CC-11-MG6,SL18-NC-5-FG2,SL18-CC-11-MG6,Extra,7,Scott,Y,,Throw away,,GP,"Dead, green",GP,bleached,NA,x,,#VALUE!,#VALUE!,#VALUE!,,,
GOM313,313,SL18-NC-5-FG2xSL18-LD-9-MG1,SL18-NC-5-FG2,SL18-LD-9-MG1,Extra,7,Scott,Y,,Throw away,"not healthy, bleached",GP,Dead,GP,"Almost dead, bleached",NA,x,,#VALUE!,#VALUE!,#VALUE!,,,
GOM319,319,SL18-NL-10-FG2xSL18-UCONN-S32-MG2,SL18-NL-10-FG2,SL18-UCONN-S32-MG2,Extra,7,Scott,Y,,GP,,GP,,GP,,11/5/2020,0,,11/19/2020,12/3/2020,12/17/2020,GP,MD,
GOM320,320,SL18-NL-2-FG1xSL18-OI-9-MG3,SL18-NL-2-FG1,SL18-OI-9-MG3,Extra,7,Scott,Y,,GP,"not healthy, bacteria",GP,Green,GP,,11/5/2020,1,,11/19/2020,12/3/2020,12/17/2020,GP,MD,GREEN
GOM321,321,SL18-NL-2-FG1xSL18-OI-14-MG1,SL18-NL-2-FG1,SL18-OI-14-MG1,Extra,7,Scott,Y,,GP,,GP,,GP,,11/5/2020,0,,11/19/2020,12/3/2020,12/17/2020,GP,LD,
GOM322,322,SL18-NL-2-FG1xSL18-OI-18-MG1,SL18-NL-2-FG1,SL18-OI-18-MG1,Extra,7,Scott,Y,,GP,,GP,,GP,,11/5/2020,2,,11/19/2020,12/3/2020,12/17/2020,GP,MD,
GOM325,325,SL18-NL-3-FG1xSL18-OI-9-MG3,SL18-NL-3-FG1,SL18-OI-9-MG3,Extra,7,Scott,Y,,GP,,GP,,GP,,11/5/2020,0,,11/19/2020,12/3/2020,12/17/2020,GP,MD,GREEN
GOM326,326,SL18-NL-3-FG1xSL18-OI-14-MG1,SL18-NL-3-FG1,SL18-OI-14-MG1,Extra,7,Scott,Y,,GP,,GP,,GP,,11/5/2020,0,,11/19/2020,12/3/2020,12/17/2020,GP,MD,
GOM327,327,SL18-NL-3-FG1xSL18-OI-18-MG1,SL18-NL-3-FG1,SL18-OI-18-MG1,Extra,7,Scott,Y,,GP,,GP,,GP,,11/5/2020,0,,11/19/2020,12/3/2020,12/17/2020,GP,LD,
GOM329,329,SL18-NL-6-FG2xSL18-OI-9-MG3,SL18-NL-6-FG2,SL18-OI-9-MG3,Extra,7,Scott,Y,,SP_100,,EmbrSP,,GP,,11/2/2020,11,,11/16/2020,11/30/2020,12/14/2020,GP,MD,GREEN
GOM330,330,SL18-NL-6-FG2xSL18-OI-14-MG1,SL18-NL-6-FG2,SL18-OI-14-MG1,Extra,7,Scott,Y,,GP,,GP,not healthy,GP,,11/5/2020,0,,11/19/2020,12/3/2020,12/17/2020,GP,MD,GREEN
GOM331,331,SL18-NL-6-FG2xSL18-OI-18-MG1,SL18-NL-6-FG2,SL18-OI-18-MG1,Extra,8,Michael,Y,,Painted,,SP_100,,GP,,10/29/2020,38,,11/12/2020,11/26/2020,12/10/2020,GP,MD,
GOM332,332,SL18-NL-6-FG3xSL18-OI-9-MG3,SL18-NL-6-FG3,SL18-OI-9-MG3,Extra,7,Scott,Y,,Throw away,"not healthy, green",GP,"not healthy, green",GP,,NA,x,,#VALUE!,#VALUE!,#VALUE!,,,
GOM333,333,SL18-NL-6-FG3xSL18-OI-14-MG1,SL18-NL-6-FG3,SL18-OI-14-MG1,Extra,7,Scott,Y,,GP,not healthy,GP,not healthy,GP,,11/5/2020,0,,11/19/2020,12/3/2020,12/17/2020,GP,MD,
GOM334,334,SL18-OI-16-FG3xSL18-LD-1-MG3,SL18-OI-16-FG3,SL18-LD-1-MG3,Extra,7,Scott,Y,,GP,not healthy,GP,not healthy,GP,,11/5/2020,0,,11/19/2020,12/3/2020,12/17/2020,GP,HD,
GOM335,335,SL18-OI-16-FG3xSL18-CC-11-MG6,SL18-OI-16-FG3,SL18-CC-11-MG6,Extra,7,Scott,Y,,GP,not healthy,GP,not healthy,GP,,11/5/2020,0,,11/19/2020,12/3/2020,12/17/2020,GP,HD,
GOM336,336,SL18-OI-16-FG3xSL18-LD-9-MG1,SL18-OI-16-FG3,SL18-LD-9-MG1,Extra,7,Scott,Y,,GP,not healthy ,GP,not healthy,GP,,11/5/2020,0,,11/19/2020,12/3/2020,12/17/2020,GP,HD,
GOM337,337,SL18-UCONN-S78-FG1xSL18-OI-18-MG1,SL18-UCONN-S78-FG1,SL18-OI-18-MG1,Extra,8,Michael,Y,,Painted,,SP_100,,EmbrSp,,10/29/2020,156,,11/12/2020,11/26/2020,12/10/2020,SP,MD,
GOM338,338,SL18-UCONN-S78-FG1xSL18-OI-11-MG2,SL18-UCONN-S78-FG1,SL18-OI-11-MG2,Extra,8,Michael,Y,,Painted,,SP_100,,GP,,10/29/2020,297,,11/12/2020,11/26/2020,12/10/2020,SP,MD,
GOM339,339,SA18-CB-1-FG2xSL18-JS-19-MG1,SA8-CB-1-FG2,SL18-JS-19-MG1,Extra,6,Scott,Y,,Painted,,SP_100,,EmbrSp,,10/29/2020,20,,11/12/2020,11/26/2020,12/10/2020,GP,MD,
GOM340,340,SA18-CB-1-FG2xSL18-LD-1-MG1,SA18-CB-1-FG2,SL18-LD-1-MG1,Extra,6,Scott,Y,,Painted,,SP_100,"not healthy, biofilm",EmbrSp,not healthy,10/29/2020,26,,11/12/2020,11/26/2020,12/10/2020,GP,LD,
GOM341,341,SL-ME1-FG1xSL-ME1-MG1,SL-ME1-FG1,SL-ME1-MG1,Check1,8,Crystal,Y,,Painted,,Painted,,SP_300,not healthy,10/22/2020,11,,11/5/2020,11/19/2020,12/3/2020,SP,LD,
GOM342,342,SL-ME1-FG1xSL-ME1-MG1,SL-ME1-FG1,SL-ME1-MG1,Check2,8,Crystal,Y,,Painted,,Painted,,SP_300,not healthy,10/22/2020,5,,11/5/2020,11/19/2020,12/3/2020,LSP,LD,
GOM343,343,SL-ME1-FG1xSL-ME1-MG1,SL-ME1-FG1,SL-ME1-MG1,Check3,8,Crystal,Y,,Painted,,Painted,,SP_300,not healthy,10/22/2020,21,,11/5/2020,11/19/2020,12/3/2020,SP,MD,
GOM344,344,SL-ME1-FG1xSL-ME1-MG1,SL-ME1-FG1,SL-ME1-MG1,Check4,8,Crystal,Y,,Painted,,Painted,,SP_300,not healthy,10/22/2020,9,,11/5/2020,11/19/2020,12/3/2020,SP,MD,
GOM345,345,SL-ME1-FG1xSL-ME1-MG1,SL-ME1-FG1,SL-ME1-MG1,Check5,8,Crystal,Y,,Painted,,Painted,,SP_300,not healthy,10/22/2020,7,,11/5/2020,11/19/2020,12/3/2020,LSP,MD,
GOM346,346,SL-ME1-FG1xSL-ME1-MG1,SL-ME1-FG1,SL-ME1-MG1,Check6,8,Crystal,Y,,Painted,,Painted,,SP_300,not healthy,10/22/2020,4,,11/5/2020,11/19/2020,12/3/2020,SP,MD,
GOM347,347,SL-ME1-FG1xSL-ME1-MG1,SL-ME1-FG1,SL-ME1-MG1,Check7,8,Crystal,Y,,Painted,,Painted,,SP_300,not healthy,10/22/2020,5,,11/5/2020,11/19/2020,12/3/2020,SP,LD,
GOM348,348,SL-ME1-FG1xSL-ME2-MG2,SL-ME1-FG1,SL-ME2-MG2,Check8,8,Crystal,Y,,Painted,,Painted,,SP_300,not healthy,10/22/2020,17,,11/5/2020,11/19/2020,12/3/2020,SP,LD,
GOM349,349,SL-ME1-FG1xSL-ME2-MG2,SL-ME1-FG1,SL-ME2-MG2,Check9,8,Crystal,Y,,Painted,,Painted,,SP_300,not healthy,10/22/2020,4,,11/5/2020,11/19/2020,12/3/2020,SP,MD,
GOM350,350,SL-ME1-FG1xSL-ME2-MG2,SL-ME1-FG1,SL-ME2-MG2,Check10,8,Crystal,Y,,Painted,,Painted,,SP_300,not healthy,10/22/2020,8,,11/5/2020,11/19/2020,12/3/2020,SP,LD,
GOM351,351,SL-ME1-FG1xSL-ME2-MG2,SL-ME1-FG1,SL-ME2-MG2,Check11,8,Crystal,Y,,Painted,,Painted,,SP_300,not healthy,10/22/2020,12,,11/5/2020,11/19/2020,12/3/2020,SP,LD,
GOM352,352,SL-ME1-FG1xSL-ME2-MG2,SL-ME1-FG1,SL-ME2-MG2,Check12,8,Crystal,Y,,Painted,,Painted,,SP_300,not healthy,10/22/2020,5,,11/5/2020,11/19/2020,12/3/2020,SP,LD,
GOM353,353,SL-ME1-FG1xSL-ME2-MG2,SL-ME1-FG1,SL-ME2-MG2,Check13,8,Crystal,Y,,Painted,,Painted,,SP_300,not healthy,10/22/2020,6,,11/5/2020,11/19/2020,12/3/2020,SP,LD,
GOM354,354,SL-ME1-FG1xSL-ME2-MG2,SL-ME1-FG1,SL-ME2-MG2,Check14,8,Crystal,Y,,Painted,,Painted,,SP_300,not healthy,10/22/2020,12,,11/5/2020,11/19/2020,12/3/2020,SP,LD,
GOM355,355,SL-ME1-FG1xSL-ME2-MG2,SL-ME1-FG1,SL-ME2-MG2,Check15,8,Crystal,Y,,Painted,,Painted,,SP_300,not healthy,10/22/2020,15,,11/5/2020,11/19/2020,12/3/2020,SP,LD,
GOM356,356,SL-OI-15-FGxSL-ME1-MG1,SL-OI-15-FG,SL-ME1-MG1,Check16,8,Crystal,Y,,GP,not healthy,GP,not healthy,GP,not healthy,11/5/2020,0,,11/19/2020,12/3/2020,12/17/2020,GP,LD,
GOM357,357,SL-OI-15-FGxSL-ME1-MG1,SL-OI-15-FG,SL-ME1-MG1,Check17,8,Crystal,Y,,GP,not healthy,GP,not healthy,GP,,11/5/2020,0,,11/19/2020,12/3/2020,12/17/2020,GP,LD,
GOM358,358,SL-OI-15-FGxSL-ME1-MG1,SL-OI-15-FG,SL-ME1-MG1,Check18,8,Crystal,Y,,GP,not healthy,GP,not healthy,GP,,11/5/2020,0,,11/19/2020,12/3/2020,12/17/2020,GP,LD,
GOM359,359,SL-OI-15-FGxSL-ME1-MG1,SL-OI-15-FG,SL-ME1-MG1,Check19,8,Crystal,Y,,GP,not healthy,GP,not healthy,GP,,11/5/2020,1,,11/19/2020,12/3/2020,12/17/2020,GP,LD,
GOM360,360,SL-OI-15-FGxSL-ME1-MG1,SL-OI-15-FG,SL-ME1-MG1,Check20,8,Crystal,Y,,GP,not healthy,GP,not healthy,GP,,11/5/2020,0,,11/19/2020,12/3/2020,12/17/2020,GP,LD,
GOM361,361,SL-OI-15-FGxSL-ME1-MG1,SL-OI-15-FG,SL-ME1-MG1,Check21,8,Crystal,Y,,GP,not healthy ,GP,not healthy,GP,,11/5/2020,0,,11/19/2020,12/3/2020,12/17/2020,GP,MD,
GOM362,362,SL18-CC-12-FG3xSL18-OI-15-MG2,SL18-CC-12-FG3,SL18-OI-15-MG2,Spray,8,Yaoguang,Y,,GP,,GP,,GP,,11/5/2020,0,,11/19/2020,12/3/2020,12/17/2020,GP,LD,
GOM363,363,SL18-CC-12-FG3xSL18-OI-15-MG2,SL18-CC-12-FG3,SL18-OI-15-MG2,Spray,8,Yaoguang,Y,,GP,,GP,,GP,,11/5/2020,0,,11/19/2020,12/3/2020,12/17/2020,GP,LD,
GOM364,364,SL18-CC-3-FG2xSL18-OD-6-MG1,SL18-CC-3-FG2,SL18-OD-6-MG1,Spray,8,Yaoguang,Y,,GP,,GP,,GP,,11/5/2020,0,,11/19/2020,12/3/2020,12/17/2020,GP,LD,
GOM365,365,SL18-CC-3-FG2xSL18-OD-6-MG1,SL18-CC-3-FG2,SL18-OD-6-MG1,Spray,8,Yaoguang,Y,,GP,,GP,,GP,,11/5/2020,0,,11/19/2020,12/3/2020,12/17/2020,GP,LD,
GOM366,366,SL18-OI-11-FG3xSL18-CC-1-MG3,SL18-OI-11-FG3,SL18-CC-1-MG3,Spray,8,Yaoguang,Y,,Throw away,"dead, green",GP,"dead, green",GP,"not healthy, green",NA,x,,,,,,,
GOM367,367,SL18-OI-11-FG3xSL18-CC-1-MG3,SL18-OI-11-FG3,SL18-CC-1-MG3,Spray,8,Yaoguang,Y,,Throw away,"dead, green",GP,"not healthy,green",GP,,NA,x,,,,,,,
GOM368,368,SL18-OI-6-FG2xSL18-LD-2-MG2,SL18-OI-6-FG2,SL18-LD-2-MG2,Spray,8,Yaoguang,Y,,SP_100,,GP,,GP,,11/5/2020,48,,11/19/2020,12/3/2020,12/17/2020,GP,LD,GREEN
GOM369,369,SL18-OI-6-FG2xSL18-LD-2-MG2,SL18-OI-6-FG2,SL18-LD-2-MG2,Spray,8,Yaoguang,Y,,Painted,,EmbrSP,not healthy,GP,,10/29/2020,29,,11/12/2020,11/26/2020,12/10/2020,GP,LD,GREEN
GOM370,370,SL18-CC-5-FG2xSA18-CB-10-MG1,SL18-CC-5-FG2,SA18-CB-10-MG1,Spray,8,Yaoguang,Y,,Painted,,EmbrSP,not healthy,GP,,10/29/2020,47,,11/12/2020,11/26/2020,12/10/2020,GP,LD,
GOM371,371,SL18-CC-5-FG2xSA18-CB-10-MG1,SL18-CC-5-FG2,SA18-CB-10-MG1,Spray,8,Yaoguang,Y,,Painted,,EmbrSP,not healthy,GP,,10/29/2020,17,,11/12/2020,11/26/2020,12/10/2020,GP,LD,
GOM372,372,SL18-NC-10-FG1xSL18-OI-11-MG4,SL18-NC-10-FG1,SL18-OI-11-MG4,Spray,8,Yaoguang,Y,,GP,,GP,,GP,,11/5/2020,0,,11/19/2020,12/3/2020,12/17/2020,GP,LD,
GOM373,373,SL18-OI-6-FG3xSL18-JS-6-MG1,SL18-OI-6-FG3,SL18-JS-6-MG1,Spray,8,Yaoguang,Y,,GP,not healthy,GP,not healthy,GP,,11/5/2020,3,,11/19/2020,12/3/2020,12/17/2020,GP,LD,
GOM374,374,SL18-OI-6-FG3xSL18-JS-6-MG1,SL18-OI-6-FG3,SL18-JS-6-MG1,Spray,8,Yaoguang,Y,,GP,not healthy,GP,not healthy,GP,,11/5/2020,0,,11/19/2020,12/3/2020,12/17/2020,GP,LD,
GOM375,375,SL-OI-6-FG-2xSA-CB-7-MG-3,SL-OI-6-FG-2,SA-CB-7-MG-3,Spray,8,Yaoguang,Y,,Painted,,SP_100,,GP,,10/29/2020,46,,11/12/2020,11/26/2020,12/10/2020,GP,LD,GREEN
GOM376,376,SL-OI-6-FG-3xSL-JS-6-MG-3,SL-OI-6-FG-3,SL-JS-6-MG-3,Spray,8,Yaoguang,Y,,GP,,GP,,GP,,11/5/2020,1,,11/19/2020,12/3/2020,12/17/2020,GP,LD,
GOM377,377,SL18-CB-2-FG-3xSL18-NL-9-MG2,SL18-CB-2-FG-3,SL18-NL-9-MG2,diversity,8,Yaoguang,Y,,GP,not healthy,GP,not healthy,GP,,11/5/2020,1,,11/19/2020,12/3/2020,12/17/2020,GP,LD,
GOM378,378,SL18-OD-5-FG1xSL18-LD-2-MG2,SL18-OD-5-FG1,SL18-LD-2-MG2,diversity,8,Yaoguang,Y,,GP,,GP,,GP,,11/5/2020,0,,11/19/2020,12/3/2020,12/17/2020,GP,MD,
GOM379,379,SL18-SF-13-FG2xSL18-JS-6-MG1,SL18-SF-13-FG2,SL18-JS-6-MG1,diversity,8,Yaoguang,Y,,GP,,GP,,GP,,11/5/2020,0,,11/19/2020,12/3/2020,12/17/2020,GP,MD,
GOM380,380,SL18-SF-13-FG2xSL18-JS-5-MG3,SL18-SF-13-FG2,SL18-JS-5-MG3,diversity,8,Yaoguang,Y,,GP,,GP,,GP,,11/5/2020,9,,11/19/2020,12/3/2020,12/17/2020,SP,LD,
GOM381,381,SL18-SF-13-FG2xSA18-CB-3-MG3,SL18-SF-13-FG2,SA18-CB-3-MG3,diversity,8,Yaoguang,Y,,GP,,GP,,GP,,11/5/2020,7,,11/19/2020,12/3/2020,12/17/2020,GP,MD,